Plate,ID,Multi_BC,Multi_BC_#,Morphotype_120h,Axes,Morpho_120h,Morphotype_96h,Run,area,perimeter,axis_major_length,axis_minor_length,eccentricity,feret_diameter_max,solidity,aspect_ratio,straight_area,straight_eccentricity,straight_major_axis_length,straight_minor_axis_length,straight_equivalent_diameter,straight_perimeter,straight_extent,straight_orientation,straight_form_factor,straight_aspect_ratio,straight_moments_hu_0,straight_moments_hu_1,straight_moments_hu_2,straight_moments_hu_3,straight_moments_hu_4,straight_moments_hu_5,straight_moments_hu_6,straight_inertia_tensor_0_0,straight_inertia_tensor_0_1,straight_inertia_tensor_1_0,straight_inertia_tensor_1_1,straight_inertia_tensor_eigvals_0,straight_inertia_tensor_eigvals_1,straight_locoefa_coeff_0,straight_locoefa_coeff_1,straight_locoefa_coeff_2,straight_locoefa_coeff_3,straight_locoefa_coeff_4,straight_locoefa_coeff_5,straight_locoefa_coeff_6,straight_locoefa_coeff_7,straight_locoefa_coeff_8,straight_locoefa_coeff_9,straight_locoefa_coeff_10,straight_locoefa_coeff_11,straight_locoefa_coeff_12,straight_locoefa_coeff_13,straight_locoefa_coeff_14,straight_locoefa_coeff_15,straight_locoefa_coeff_16,straight_locoefa_coeff_17,straight_locoefa_coeff_18,straight_locoefa_coeff_19,straight_locoefa_coeff_20,straight_locoefa_coeff_21,straight_locoefa_coeff_22,straight_locoefa_coeff_23,straight_locoefa_coeff_24,straight_locoefa_coeff_25,straight_locoefa_coeff_26,straight_locoefa_coeff_27,straight_locoefa_coeff_28,straight_locoefa_coeff_29,straight_locoefa_coeff_30,straight_locoefa_coeff_31,straight_locoefa_coeff_32,straight_locoefa_coeff_33,straight_locoefa_coeff_34,straight_locoefa_coeff_35,straight_locoefa_coeff_36,straight_locoefa_coeff_37,straight_locoefa_coeff_38,straight_locoefa_coeff_39,straight_locoefa_coeff_40,straight_locoefa_coeff_41,straight_locoefa_coeff_42,straight_locoefa_coeff_43,straight_locoefa_coeff_44,straight_locoefa_coeff_45,straight_locoefa_coeff_46,straight_locoefa_coeff_47,straight_locoefa_coeff_48,straight_locoefa_coeff_49,straight_locoefa_coeff_50,straight_locoefa_coeff_51
1,A1,CCTTGGCACCCGAGAATTCCACCACAATGAAAAAAAAAAAAAAAAAAAAAAAAAAAAAA,A2,TLS,single,TLS_single,round_ovoid,RR,74513.17653042,1022.9881471553026,314.86794143229764,301.770504125419,0.285417119257404,324.7085087967514,0.987874536526706,0.958403395254214,74883.55040442999,0.2940002596236754,316.73631113476483,302.7382574499084,308.7793672269717,1091.5587834840792,0.7493381741169352,0.610485547999096,1.266187337738054,1.0462381391858693,0.1602257290471874,5.238047757527883e-05,7.135988514222326e-05,4.5362762714230083e-08,1.8037662680484407e-14,1.4667489996169296e-10,7.959802227839719e-14,781.3909294258344,-33.67925943636771,-33.67925943636771,805.965368244651,829.5287872814001,757.8275103890853,0.0,56.64673921136277,1.4105794838078536,2.571024267510426,0.3791415537410699,1.178232435227344,0.4574790862891015,0.2434363836565533,0.1190894367465358,0.2713262516884931,0.2409305510297658,0.1173456185284073,0.0410456937436016,0.159094917161158,0.12584102243225,0.1239155967184387,0.0825126213421946,0.0276511557051306,0.0998776922379427,0.0448025680334338,0.0531230232366134,0.0741974391778901,0.0635152833975609,0.0270604171809362,0.0945748609740338,0.0581145457237816,0.0437188229009403,0.0389967683543894,0.0467200050048335,0.0363240347728106,0.0503650272037162,0.0532120766088596,0.0332668718585386,0.0331387610610937,0.0224241896089823,0.0322569886922338,0.0552158316637937,0.0784626351894352,0.0201690932296695,0.0148230692557982,0.0402486332877833,0.0861041686412136,0.0494681896353606,0.0436493595991081,0.0609943230106742,0.0122012403639692,0.0444927251022262,0.0184473197111355,0.0409260633531293,0.0249376263045921,0.0512208840658466,0.0
1,A2,CCTTGGCACCCGAGAATTCCATGACCGATAAAAAAAAAAAAAAAAAAAAAAAAAAAAAA,B2,neural_bias,single,NT_single,teardrop,RR,60272.67900725999,917.0661081735584,284.444480466739,270.5876370226468,0.3083143236629497,292.30632073042824,0.987003341997772,0.951284540936232,60181.97520137999,0.3278164838919304,286.0021251087672,270.1980541350796,276.8141447012199,981.9440338904642,0.7587192681532304,-0.0675533174579706,1.2749617923255427,1.0584906912978236,0.1607667863873598,8.333498308535089e-05,0.0001138897014171,6.941926495349485e-08,1.2579237216115084e-13,-3.577398775246187e-11,1.4925225701035408e-13,604.0020085357722,4.895087637138043,4.895087637138043,676.0231446803867,676.3543280224725,603.6708251936865,0.0,50.853932224109,1.454009385884211,3.013037029706495,0.8361184949752702,0.2533350715756851,0.4962075028584984,0.5534510322336084,0.2115318382402779,0.255830569807265,0.1646854743312421,0.0411965592796853,0.0626571927746674,0.057027647874066,0.0774464414349635,0.0983060087692566,0.0997737280845363,0.0644673171688209,0.1160561680935482,0.0570383056595021,0.0860572412455444,0.0693836689670618,0.0637732128132992,0.0346808290536736,0.0687239203288607,0.0264152878561981,0.0385589316094503,0.0866316182774478,0.0759601742237727,0.0478376423876654,0.0467128672076796,0.0889099712196745,0.0193776845274496,0.1269828340801834,0.0398767965505721,0.0318671826302187,0.0522456664621325,0.0931238439380104,0.0502723043989865,0.0425435965198694,0.0708997598402882,0.0254337405247879,0.0105264418477971,0.0219627268742421,0.0572973868510984,0.0243227376691635,0.0228274831028542,0.0248180706246883,0.0341587255752766,0.0282266517595852,0.0328602845546092,0.0
1,A4,CCTTGGCACCCGAGAATTCCAACATGCGTAAAAAAAAAAAAAAAAAAAAAAAAAAAAAA,C2,TLS,single,TLS_single,round_ovoid,RR,63598.48522285999,954.0602604201408,298.4762422107996,271.82141032686314,0.413075081754897,302.73525924683764,0.9859385985469884,0.9106969731108068,62547.83280474999,0.3793945217380224,293.6886685234625,271.7310338961029,282.20271820889843,1005.46800470782,0.7811762484659681,-0.0908363350230629,1.2862173988986891,1.0808065030796417,0.159968361035256,0.0001539034960359,1.415043687592039e-05,1.3293282337991316e-08,-3.671177832065019e-15,-5.291500322105849e-11,-4.4455456144204206e-15,611.3848867534981,9.273853608492074,9.273853608492074,712.3533008132456,713.1980283153383,610.5401592514054,0.0,51.79526894575496,1.9946558531051808,1.0977340811770566,0.5158794279125025,0.6126409135906585,0.4769543539937652,0.449368531926148,0.3343455817186117,0.1439757597207001,0.2008875706455423,0.2529856980494307,0.0201255016715,0.1476009967885621,0.1310538301542975,0.0730461139886247,0.0612768281233962,0.0488566629345078,0.1004152177376517,0.0133026900712717,0.0451551983616453,0.0527177255454259,0.0328078682987912,0.0465391633719698,0.0316878936875663,0.0490386875632679,0.0393107197598821,0.0396463388201224,0.0672891669571515,0.0379908378296055,0.06630203908492,0.0665319315372396,0.0133365671889719,0.0901927142760324,0.0259361733387712,0.042866204535833,0.0392375990668948,0.0510355042335809,0.05954807851897,0.0181706610491407,0.0330024059408214,0.022317291894662,0.0547713642420819,0.0370173010116915,0.058073960839142,0.0817011889127688,0.052205785140814,0.0100583710320127,0.0300550807626107,0.0389632478976464,0.0289817334530217,0.0
1,A5,CCTTGGCACCCGAGAATTCCAGAACTCTGAAAAAAAAAAAAAAAAAAAAAAAAAAAAAA,D2,neural_bias,single,NT_single,elongated,RR,66697.53192375999,966.6679630731084,305.1397460017874,278.7087857121276,0.4071062659961864,311.4848915912937,0.9868038470140909,0.9133808013017584,67997.61980803999,0.4394742489283868,311.94300810914655,280.2044256999556,294.2401374514761,1040.5418126667232,0.7594765723934149,-0.1793939814866417,1.2671134413068552,1.113269382986751,0.1616076424682035,0.0002984058730672,0.0001391676222171,6.337839256892986e-07,-2.152028952909676e-12,-4.9682398628227766e-09,5.549595836658055e-12,654.1585161311749,27.28368240239564,27.28368240239564,799.6638355127843,804.6115543121829,649.2107973317763,0.0,54.0097890695444,2.7615547388835315,3.4083447287279616,0.7619634145739805,0.534048377928753,0.5212681658891339,0.4552330500788076,0.2373713041666826,0.1269759990394354,0.3693598457895957,0.2302868739594823,0.0473717278350325,0.0527286247970798,0.1218655420831398,0.0411858435367422,0.056708513804966,0.0533404498703926,0.112541718339486,0.0592650841412739,0.0170372820410001,0.0315803312184478,0.012110162219026,0.12600947401741,0.051822819366974,0.0514876659478143,0.0587691700219849,0.0569581386247741,0.0864480186420717,0.0560251259001315,0.0246623458754235,0.0312390062392981,0.0314506806410116,0.0413036157041589,0.0216239219674462,0.0054773879646796,0.0277098340908109,0.0772815006296187,0.0687820360125481,0.1582552365977906,0.042299874453572,0.0180301792067111,0.0464827599817169,0.0858000659830972,0.0539964844976811,0.0768841149942096,0.0310990435229073,0.0169292813210709,0.0411835629573214,0.0182714533717078,0.0073162232204593,0.0
1,A7,CCTTGGCACCCGAGAATTCCACTCAAGGTAAAAAAAAAAAAAAAAAAAAAAAAAAAAAA,E2,neural_bias,multiple,NT_multiple,multiple_protrusions,RR,64271.20511646999,944.6735630731084,288.5419177290761,283.8620772418431,0.1793733583426134,298.06774038708045,0.9881464264962232,0.9837810723514112,64263.64646597999,0.1805495587101643,288.5569459370285,283.8147688882824,286.0472268164224,944.6735630731084,0.771156462585034,1.113457364024969,1.1050661973722695,1.0167087042979526,0.1593201824595491,6.968529798084598e-06,6.640286270305696e-06,7.601142103792493e-10,-3.4364761956332655e-18,-2.394149630160908e-13,-5.3892775695511394e-17,684.1158944653926,-8.891757269007952,-8.891757269007952,670.4242968056947,688.4918739683087,666.0483173027785,0.0,52.47448499408273,0.4221232885204327,0.7463555292636985,0.5551331457533588,0.4243129685128882,0.3132062894417948,0.1052456774439152,0.0394475594532119,0.0949946739610957,0.0649010460798658,0.2216383778822036,0.0529600103245264,0.0977091341433308,0.0954623095560499,0.1034837112967384,0.0900195596354744,0.0888742455155085,0.0702869251876681,0.0117556696514895,0.0450211660418066,0.0157491551566888,0.0385941474740634,0.0172080060247417,0.0123663993932586,0.037973586927046,0.064390599087268,0.0286747731411124,0.0136507232633013,0.015426526202802,0.0118106990985974,0.0528206824188373,0.055764790253378,0.0129890699263061,0.0083523254931764,0.0389265475218015,0.0381704167823173,0.0339919867896803,0.0598160563865561,0.0171255302486385,0.0257126629485403,0.0295912528964404,0.0147355628356504,0.0329888018374977,0.056778613037752,0.0254740660513377,0.0489823973280981,0.0308794488544366,0.0287844894026467,0.0277012864430527,0.020186668422823,0.0
1,A8,CCTTGGCACCCGAGAATTCCACACACGCGAAAAAAAAAAAAAAAAAAAAAAAAAAAAAA,F2,neural_bias,single,NT_single,elongated,RR,64671.81359243999,947.2274763379468,293.21819740800885,281.14611679664176,0.2839839975513591,301.29618713966494,0.9887900150236912,0.9588290197604314,64029.32830078999,0.2455588844996751,290.22812429369714,281.34182562182167,285.52525775383884,979.9427577671728,0.7686235368841303,0.4086294704818715,1.193473019080739,1.0315854162538225,0.1594831533759442,2.45800482188528e-05,6.669208968069523e-06,6.314418030156486e-09,8.656587500004879e-16,2.129157056546848e-11,-9.642231292804105e-16,661.1229872426067,-15.313914990836995,-15.313914990836995,689.8588050050167,696.4897722357657,654.4920200118578,0.0,52.39855846133116,0.7918454912511058,0.7318413523358546,0.8027111309769022,0.2178792156573804,0.5226553268105864,0.4067790926106976,0.3943422480751002,0.2145470975292695,0.2554546870223035,0.1063984925121064,0.1264992826924073,0.0797455013826659,0.1273538906200299,0.0380759381014594,0.128082474070001,0.0114110517980942,0.0428656280337045,0.0715152634545619,0.0164189653532767,0.015425496748981,0.0479233727906934,0.069877093312175,0.0822397674566525,0.0599302736912085,0.0484870693232974,0.0575778964876997,0.0660485622747442,0.0161946826758506,0.0847008057577414,0.0414335561028609,0.0384864657214383,0.0476570367490524,0.0193809496841465,0.0460195689592603,0.0661011451970581,0.0429686363682168,0.0384736199867937,0.0694183438235775,0.0263156364747834,0.0754932397573038,0.0314180847344085,0.0383496284356896,0.0626446932190523,0.0493727432888002,0.0307108541313885,0.027109766850944,0.0235094380403688,0.0210051638282981,0.0135159421356889,0.0
1,B1,CCTTGGCACCCGAGAATTCCAACCAGCCGAAAAAAAAAAAAAAAAAAAAAAAAAAAAAA,G2,TLS,single,TLS_single,teardrop,RR,64036.88695128,947.2274763379468,296.8877801057649,274.9701367006596,0.377093177360744,305.37038346101934,0.986722571628232,0.9261753265920974,67287.10666198,0.1753598056370632,297.79143585802075,293.1769826575914,292.6988299478591,1050.7909887900144,0.7493265993265993,-1.0776377212734964,1.3058429882289813,1.015739479813866,0.1622083441147443,6.416014893768516e-06,0.0003035814404138,2.0252371958239146e-08,-2.776934986726065e-14,-3.6482658803708945e-11,4.1840390503682406e-14,728.2101141156043,9.402776663800868,9.402776663800868,715.7685651938498,733.2636575446227,710.7150217648314,0.0,53.88266010926664,0.417614869732517,5.034185931616301,0.0916532366170022,0.7943849510323611,0.6271742948093636,0.0911694501357808,0.1588637285310231,0.0981643655574099,0.111472943434016,0.0578706488185419,0.2204181902201538,0.2050829432780603,0.189631750239793,0.1475310790558615,0.0793247180492148,0.0185503514185416,0.0868710142549545,0.0742628122794815,0.0360053598720394,0.0622236034720291,0.0175043828347786,0.0702221667314102,0.0716822245742075,0.0384205161337474,0.0508259250236352,0.025137173341047,0.0586267194772952,0.0221779125144834,0.0535083037001669,0.1036319492580982,0.0246226207531275,0.1115704459997351,0.0501332836531024,0.0338162326067416,0.0652350705307489,0.0236364050634861,0.0465342662968823,0.035110457271342,0.034068998016737,0.0261272826471453,0.0954152407175135,0.054260160591052,0.0682084834446321,0.0149086744101326,0.0912025542311817,0.0370086831795326,0.0556186755835846,0.0229141997974476,0.0095764113975505,0.0
1,B2,CCTTGGCACCCGAGAATTCCAGCCTTAGAAAAAAAAAAAAAAAAAAAAAAAAAAAAAAA,H2,TLS,single,TLS_single,teardrop,RR,68768.60215801999,990.6636391963996,298.63340331314964,294.0951072286658,0.1736744524508689,310.6709,0.9864469261628538,0.9848031196974808,68624.98779870999,0.1527097597047209,297.8391653940098,294.3458339104068,295.59439815782304,1018.1566391963996,0.7436926605504587,-0.2623471286334459,1.2020901840811002,1.0118681193383776,0.1596973311104083,3.54968548106938e-06,1.064781028753686e-05,3.1681749878748542e-09,-5.331162941209027e-16,1.058741619311688e-12,2.332116357687021e-16,717.5438730034286,4.284458733020876,4.284458733020876,732.3481961479682,733.49872903867,716.3933401127268,0.0,54.227308650756974,0.2494848382621264,1.0524082708924958,0.9365468763868696,1.261600860800123,0.9593310425525466,0.2747090954211219,0.2137038175791562,0.1546471833242965,0.2949253950472255,0.2717215565076007,0.0594164800730013,0.1023841277282786,0.0541487485937275,0.0760491713061898,0.0836512971528851,0.0461733922856578,0.0541127642212623,0.0161312093357148,0.0093017666733249,0.0572425603781413,0.0238450167968686,0.0841145132889628,0.1190423232660433,0.042034335419567,0.0675657730913509,0.0246087273466294,0.0669762732596137,0.0212257076717506,0.0555035169358175,0.0429581082297205,0.044451672991385,0.020010801985525,0.0438424610218703,0.0688290976080446,0.0301579787993101,0.0365880065676213,0.0596729452198265,0.0223869446940836,0.0431160366561923,0.0702572811886369,0.0424888837658506,0.0300746889277445,0.0282212308387301,0.0242033020843125,0.0300462971247134,0.0262085184896625,0.0362664224192448,0.0417499159274642,0.0232533483201616,0.0
1,B12,CCTTGGCACCCGAGAATTCCATGAGACCTAAAAAAAAAAAAAAAAAAAAAAAAAAAAAA,A3,TLS,multiple,TLS_multiple,round_ovoid,RR,69819.25457612998,995.4951471553024,306.1540736534198,290.86662180327704,0.3120485735176583,309.5374833703343,0.9865427747516822,0.9500661491525706,70680.94073198999,0.323748095048211,308.8677718560421,292.23317730484234,299.98961448532174,1086.727275525176,0.7876516172506739,0.2881397428980347,1.3296243188106482,1.0569223340916127,0.1598729520792602,7.817621860319379e-05,2.6651258420518867e-05,2.8144000667508924e-08,8.22434141031271e-15,2.3732423014026684e-11,-2.2945187693305185e-14,712.8229771683945,-22.52623647060838,-22.52623647060838,782.148997724768,788.825503784771,706.1464711083916,0.0,55.03538041092712,1.5750581719084331,1.535636982413219,0.734009372829483,0.5809748292438532,0.7720517999976805,0.3802656428333845,0.101534513999948,0.1019834972852671,0.2138997777570101,0.0813996799391918,0.1448587585068523,0.0446190122756967,0.0625023503525874,0.0536524997628609,0.0678110584309538,0.0884474691080327,0.0701918752969442,0.0729220627797696,0.0363217036788299,0.0642178657411367,0.0270236238986821,0.04429799863037,0.0673073313289935,0.0442482363679373,0.0557598611953912,0.0036463291357483,0.1351692058563779,0.0251404242334271,0.006352836238387,0.0934965607682524,0.040127893139864,0.0237725510913908,0.0177251107398032,0.0677137459738964,0.0630015694394921,0.0809724420664169,0.0501951338607624,0.0157732166009792,0.0154137035691324,0.0451478892103994,0.0315020037975032,0.0126708809483576,0.0097593781471518,0.0626326097569631,0.0683615773510861,0.0681500970171488,0.0372206361460067,0.0326072194321171,0.0074680240736502,0.0
1,C4,CCTTGGCACCCGAGAATTCCAGCAACGCCAAAAAAAAAAAAAAAAAAAAAAAAAAAAAA,B3,TLS,single,TLS_single,elongated,RR,64445.05407773999,954.3365789909144,298.35204765427903,275.5214233469758,0.38365242287514,310.5857330164732,0.9842992380512584,0.92347756790408,64384.58487381999,0.3812787697743725,298.0488084942474,275.53423504975456,286.31625789099894,972.2474949087202,0.7673873873873874,-0.1035666569552129,1.168320243361792,1.0817124356268368,0.159929786815599,0.000157150689123,4.754620537340349e-07,1.1306773434521265e-08,8.138170128705434e-16,4.572546383457498e-11,1.580476552544218e-16,628.8914953298901,10.980086835711244,10.980086835711244,733.3904287653822,734.5316829568785,627.7502411383938,0.0,52.55852414354065,1.99247924113881,0.2424688260595989,0.0346564867407598,0.9377259428525452,1.0065830027255855,0.2558045941727679,0.3334344436668439,0.1793970458652595,0.3537728046315461,0.2231175259365854,0.2353671799046748,0.1322398360313726,0.0811713186345108,0.0792096851613619,0.1000089662013969,0.0439742368147648,0.033823753118679,0.0625721924732326,0.0131251248003686,0.0508403974882215,0.0208746565182086,0.0430975135791015,0.0452806857115488,0.021905616644177,0.0548770686230378,0.0680480952081152,0.0486376772104553,0.0510591791925617,0.0679915025452694,0.0323936448520525,0.0072397001837459,0.0484631972424757,0.0267828906465587,0.0605834528782395,0.0650157721261264,0.0184832097091768,0.046418131124767,0.0354790892075697,0.0116749990758688,0.0235478224711873,0.0248143082436037,0.0186527187548273,0.026533346750405,0.0567098794099466,0.0191068066264336,0.033060243138885,0.0441538127481417,0.0274703740597196,0.0196891596283711,0.0
1,C10,CCTTGGCACCCGAGAATTCCATAAGGCTCAAAAAAAAAAAAAAAAAAAAAAAAAAAAAA,C3,TLS,single,TLS_single,round_ovoid,RR,62366.42519298999,930.0645842968496,286.2938703941272,277.6054637112236,0.2444887114030842,295.0986484131874,0.9882620673134508,0.9696521386540944,62328.63194053999,0.2421784977270745,286.12475729593194,277.60731315636406,281.7077900164258,937.8407789909144,0.7928846153846154,-0.2874830070322073,1.1229508980504783,1.0306816273776274,0.1593701723703501,2.3181894130480824e-05,3.954199556539095e-06,3.4133842556953556e-10,-3.887629128052209e-18,1.5409259989738502e-12,-1.192245103622765e-17,640.4238400832182,10.795232596917192,10.795232596917192,673.7426012826892,676.9344677165378,637.2319736493695,0.0,51.68029909471279,0.7851854263536543,0.5561174178726225,0.4953917726998512,0.2243064356907352,0.465693119765998,0.3338088425595624,0.2284864071714974,0.2305610643638929,0.1477673170885675,0.0716546711678325,0.0406388646500205,0.2008568977474039,0.0544628562623131,0.0973361196713481,0.0225750938775676,0.0521566446014202,0.0747732611738402,0.0736238499181942,0.0490829927759083,0.0335949836907169,0.0685268183721416,0.0413031935439841,0.0248919306666542,0.0041200697846728,0.025347870685001,0.0460071451065239,0.0387154134103434,0.0768940176912402,0.0229939062152188,0.0225855936137123,0.0831407444255897,0.0161942543605169,0.0328641438372803,0.0230394364288107,0.0260234497541164,0.0548362372703002,0.0213619080027894,0.0420022838543549,0.0463597905405082,0.0187509127840751,0.0256968147583477,0.0561175257226192,0.0390178770330484,0.0072186710431504,0.0423504934833744,0.0151069914092423,0.031559781824315,0.0203368911686388,0.0205726495282013,0.0
1,C12,CCTTGGCACCCGAGAATTCCACGATTGACAAAAAAAAAAAAAAAAAAAAAAAAAAAAAA,D3,TLS,single,TLS_single,round_ovoid,RR,69335.50094476998,985.9939949087202,300.2883984446915,294.6538465039609,0.1928095511426102,310.31791318356085,0.9865562486556247,0.9812361983682548,69244.79713888999,0.1999430122119784,300.3000240444045,294.2362242084203,296.92627701905906,999.2687896027848,0.7927483558324679,-1.3343477849471554,1.1475394777312704,1.0206086108272276,0.1595382138629902,1.0588443668976646e-05,1.1087884191580976e-05,7.519939845110258e-09,7.38548402253193e-16,7.765095724117629e-12,-2.041973490237968e-15,744.0339095929515,6.788693214179076,6.788693214179076,717.4956676059023,745.6696846908809,715.859892507973,0.0,54.492081422308175,0.540743642796816,1.0257186565845484,0.8622074272646274,0.7013994517741576,0.5410262277955922,0.6356800817765567,0.1484129973510536,0.1899416468988788,0.0313326189885991,0.1488950629597457,0.1969284083051591,0.1160097362388384,0.0647981815602616,0.0281744997348162,0.1278703312874105,0.0314480900752783,0.0710638906606482,0.0979823020605846,0.0767232885761074,0.0465847092758671,0.0673304730223073,0.0676648127075393,0.1112065087190992,0.0211190471477263,0.0373497509401921,0.0396730935628107,0.0234544100966545,0.02650205175677,0.0502205681660294,0.0848279142188668,0.0460839814139044,0.0422127675641629,0.0263307302472107,0.040606240587955,0.0276635913184452,0.0201013532318577,0.0128740282897422,0.0584537198433482,0.0549004562781598,0.0624057664963276,0.032861808126981,0.0532594571000979,0.0375766638667091,0.0325789033295431,0.0203057287622453,0.0322682461348802,0.0398599314942443,0.0213188401325475,0.0070327877370658,0.0
1,D2,CCTTGGCACCCGAGAATTCCAAGCTAGTCAAAAAAAAAAAAAAAAAAAAAAAAAAAAAA,E3,neural_bias,single,NT_single,elongated,RR,69138.97603202998,986.384768379044,300.9687637973381,292.9171307713282,0.2297587538415524,307.6268911112941,0.9875836752321312,0.9732476123953128,68262.17257519,0.1725290265922313,297.2576611274608,292.8001142485251,294.8119697913706,1042.852930424726,0.7601851851851852,-0.1973908862817716,1.2678158042105974,1.015223856351204,0.1593983327764319,5.7993689028195365e-06,1.1412866827829668e-05,1.1157923929779795e-09,3.905691887755047e-17,2.141928377921676e-12,-1.1970287885830444e-16,709.7254349525125,4.182280178875734,4.182280178875734,729.8009083514439,730.6373440592199,708.8889992447364,0.0,54.07324726486949,0.4098026501010746,0.9924646210823768,0.291091741995103,0.3921260025048617,0.4567144478619321,0.2133620937845713,0.1677996809209849,0.4782644683696689,0.1439775048531958,0.2020143734207867,0.1653505786458077,0.0978876504988569,0.0743734790910931,0.1127774649412597,0.0496085046322058,0.1001954029681004,0.0632075001482884,0.078757099215026,0.0531031188955696,0.0640301531539166,0.0699482643153647,0.0299394793651647,0.0269314329862846,0.0632906103442579,0.0158944322900334,0.0367828193744994,0.1171929252833439,0.0720117565627249,0.0226206849373574,0.04274759798881,0.0760579425216323,0.0293773922192687,0.061106081279944,0.037030459260452,0.0464035872903262,0.0473534499602155,0.0516218055449642,0.0541224170546595,0.0335039576411923,0.0190270386573503,0.0524498989483891,0.027247733153309,0.0466886726398199,0.0348607557187906,0.0076871235927298,0.0294471056314443,0.0154696663790571,0.0261767347328192,0.0152108593804158,0.0
1,D7,CCTTGGCACCCGAGAATTCCAATCTCGGAAAAAAAAAAAAAAAAAAAAAAAAAAAAAAA,F3,neural_bias,single,NT_single,elongated,RR,69207.00388643998,973.3862922557528,308.14313738858715,286.479735532933,0.3683253696207508,318.3732134946343,0.9899448589036652,0.9296969517502665,69199.44523594998,0.3686622474321055,308.14865868988926,286.4437202970023,296.82902511066334,973.3862922557528,0.8086027203674262,-0.1179388422222009,1.089577120598461,1.075773832187286,0.1598690568855243,0.0001358659409922,1.3655220815599455e-05,2.6192684411879323e-08,-1.3359877622293948e-14,-1.9432229914753e-10,8.178841099434857e-15,679.9220101170417,12.469119315054956,12.469119315054956,783.6792056699342,785.156655758218,678.4445600287579,0.0,54.46755052902104,1.9588507248668408,1.1031409142984725,0.6218935713574407,0.3212407743729255,0.6582766871480314,0.2710352499967864,0.5316198503852012,0.0251662587771371,0.0667009493001028,0.1940786211142814,0.1058085597019222,0.0614427172293233,0.1464539977958969,0.0352958409103448,0.0372118230076119,0.0546875336042862,0.0331186493267822,0.0578489212969133,0.0499872850220876,0.0223957692397164,0.0237352778509409,0.0691569876613596,0.0499728243141879,0.0341305482951941,0.0042646109295325,0.0698817373487376,0.0085051595430236,0.0525249894375496,0.0264265743934018,0.0213157373997091,0.031661028760579,0.0519731592085643,0.019463954152104,0.0229540508953134,0.0098801406380393,0.0332026447328912,0.0321994777513885,0.0174117551957573,0.0011947284435847,0.0307292334676715,0.0060876380288712,0.0502306422254271,0.0239247674940825,0.0226466162794655,0.0247605342563212,0.0244676026295057,0.0463882192138783,0.0193616533894324,0.0267175867740077,0.0
1,D8,CCTTGGCACCCGAGAATTCCATACTGCGAAAAAAAAAAAAAAAAAAAAAAAAAAAAAAA,G3,TLS,single,TLS_single,round_ovoid,RR,59448.78610384999,915.7319240913644,280.9151057503723,269.8393368204489,0.2780294845272497,289.003612286248,0.9846019028542814,0.9605725405889508,58897.00461807999,0.2464450618122725,278.41642966057515,269.8291657702913,273.84301222815407,974.005975525176,0.7345399698340875,-0.2693529518815117,1.2817997145387203,1.0318248172534257,0.1595194526232828,2.4959365425578424e-05,2.160615116541593e-06,2.8391145647170504e-10,4.6212733075496384e-18,7.312586232446127e-13,5.29993052807247e-18,604.7802700816716,9.985613634159604,9.985613634159604,638.1953047589484,640.9519497519291,602.023625088691,0.0,50.25350518170313,0.8113970709692951,0.4382304559233974,1.0290023364525167,0.3997286861944471,0.2137107120826823,0.424691071973903,0.3889171825428016,0.1235932975324274,0.4246480996970393,0.0703002263406254,0.2830204345336992,0.0617314599954589,0.0458222167320889,0.1439641254648024,0.1143506252110912,0.0125403472784759,0.0984610236993591,0.1002839116665877,0.0360745928664716,0.0167007319375597,0.041198907739509,0.0315874764212841,0.0629153740551309,0.1133186288419799,0.0578705043925422,0.0464860730117117,0.0481190491271338,0.0227120449459962,0.0173989750675391,0.0215327139658949,0.0170803527376576,0.0235081136718685,0.0904060973409345,0.0558290522971679,0.023794544043696,0.0678987046053825,0.06829386680357,0.0294745517319046,0.0621168884427763,0.0376119655067327,0.0311504888570572,0.0375559631607899,0.042210293115951,0.0474756623677109,0.0693824881922233,0.0638196661920806,0.0415284614020208,0.0449329155020716,0.0259628530043626,0.0
1,D12,CCTTGGCACCCGAGAATTCCACACGTATGAAAAAAAAAAAAAAAAAAAAAAAAAAAAAA,H3,TLS,multiple,TLS_multiple,multiple_protrusions,RR,62963.55858169999,937.5644604201408,285.85641661023607,280.67813746647164,0.1894776481669683,292.2545988295137,0.9877860785011264,0.9818850344338256,63522.89871795999,0.1199142863936333,285.93190975299024,283.8686961245469,284.3938583090592,996.633944502335,0.7769970414201184,-0.5054043611648232,1.2443174100839185,1.00726819708059,0.1597243837761768,1.337930727409984e-06,5.299503029481427e-05,2.422239115133886e-09,4.4319409608767655e-16,1.5712860909872125e-12,7.461482088880582e-16,668.5801292238391,4.118038802492199,4.118038802492199,673.7435920311514,676.0222701389928,666.3014511159977,0.0,52.2056591794584,0.3013990264793455,2.112130161177176,0.1526753621466439,0.1588020088059429,0.1376674515573389,0.0747206906503163,0.2535076669557596,0.1049312359439726,0.0486900039853313,0.0582279665319569,0.1193695938238418,0.0845408839779623,0.0738393087244236,0.0606222043805098,0.0496186735519893,0.0730879802468481,0.0648898352389565,0.1033779423185266,0.0587484590777315,0.0450583404578175,0.0216443355576157,0.0521401638110653,0.0601093406299505,0.0857948911051556,0.0753201933643835,0.0510302358338046,0.0631982449374691,0.0579919034387861,0.1059098934123085,0.0625892446043412,0.0459766439118048,0.0376199349474436,0.0636913275025251,0.039343041733947,0.0501101348855378,0.0521625717413376,0.0237635293151259,0.0271991740845865,0.023315950643044,0.0763400838411167,0.1021178441545959,0.0272222518804953,0.0940555461676907,0.0315556937208573,0.0402963686874973,0.0186976603692503,0.0266850232659733,0.0068122775487577,0.0354692062690926,0.0
1,E1,CCTTGGCACCCGAGAATTCCAGCACACGCAAAAAAAAAAAAAAAAAAAAAAAAAAAAAA,A4,neural_bias,multiple,NT_multiple,multiple_protrusions,RR,73288.67515103999,1011.3238551142056,313.56966696640086,298.0697498307369,0.3105119912056035,318.7884186071539,0.9884799673768988,0.950569462647276,74437.59002552,0.3119929974841245,316.19637796867534,300.41324644349845,307.8585441972916,1096.5856781781436,0.7788674470104398,-0.3357656419582239,1.2855322345178657,1.0525380678516298,0.1597212745721064,6.677015373127094e-05,1.7957379100740093e-05,7.746474419603765e-09,1.908284461205884e-15,3.12568663241129e-11,2.1693149350587303e-15,754.9684088374815,25.0339353543479,25.0339353543479,817.9667031486227,826.7030402184714,746.2320717676329,0.0,56.468167321444895,1.432801041560031,1.3464250749932425,0.2541109848667925,0.8903570021028331,0.7195672755398789,0.1399537077261459,0.2989375609691201,0.1603376918667651,0.1029433406456395,0.0858371983437212,0.0776585532562276,0.1148654173289386,0.0633646560226759,0.0220463920894214,0.0444176316665181,0.0234075302958524,0.0867948127577219,0.0422571602553772,0.0468206370959968,0.0410012412917418,0.0319503850319378,0.0268428976082905,0.0649913408005047,0.0170740350840911,0.0503042289474397,0.0343626855011302,0.0274695354598838,0.0178434833582444,0.0342412408074334,0.0157297407812185,0.0427591506187356,0.0559373686385648,0.1026740460312267,0.032027554746086,0.0581917593276653,0.0657280490738803,0.0706215335716553,0.0156176990369912,0.0278260465644026,0.0758795055513444,0.0068173593133685,0.0397332005016867,0.0366607570040037,0.0876171578759817,0.0476096601819644,0.0384549999866161,0.0353878188975892,0.0311378373718771,0.014857265806962,0.0
1,E8,CCTTGGCACCCGAGAATTCCACAATCGGTAAAAAAAAAAAAAAAAAAAAAAAAAAAAAA,B4,neural_bias,single,NT_single,elongated,RR,66168.42638945999,963.0561842968496,300.5653696550414,280.523015236852,0.3590513180088435,305.4075098071428,0.9873674712384388,0.9333178188784956,65231.15372869999,0.3511989962072265,297.954719700118,278.97525466787386,288.1924434749797,1009.6659436895644,0.7681352914997774,0.696335462450043,1.2436279996142312,1.0680327904166254,0.1596286802636294,0.0001100687553319,2.22429623540518e-06,2.596268536355353e-09,4.548755940234826e-17,7.611064654176987e-12,1.919818544855616e-16,680.7765496281397,-44.55395807290586,-44.55395807290586,696.8189610469825,734.0679985553206,643.5275121198015,0.0,52.85848472300268,1.725190474151445,0.4508286919197518,0.0750172249656078,0.4222801250634204,0.2938542541387554,0.3361485756407428,0.1891889977405605,0.4944591454962057,0.1474086070676133,0.0780509461093698,0.2174636135026085,0.0810861657377407,0.086466015194788,0.0914432784130876,0.0284720313009858,0.0483985416954256,0.0826448499234678,0.0237858261131844,0.0995742376317947,0.0790623907726019,0.0679574199824124,0.0358916359064502,0.089179797205084,0.0289646414740297,0.0375785050461705,0.0389288428724524,0.0313943445063452,0.0556409565594734,0.0860523705908547,0.0526483213688981,0.0321703588081733,0.0648005565992455,0.06039811678122,0.0048347883245089,0.0226749140815055,0.0468211709568031,0.0153650295685813,0.0255326476521717,0.0370829596653939,0.0256113207920989,0.0155979708321263,0.0363390680871538,0.0103619340247378,0.0220554972045546,0.0323599785073403,0.0425910195129559,0.0580888639927345,0.0222292497923535,0.0183052373855543,0.0
1,E9,CCTTGGCACCCGAGAATTCCAGGAAGGAAAAAAAAAAAAAAAAAAAAAAAAAAAAAAAA,C4,neural_bias,multiple,NT_multiple,multiple_protrusions,RR,66705.09057424999,962.779865726076,296.99062195418395,286.2076922197284,0.2670138456404657,305.7167206890228,0.9879099966416658,0.9636926928415972,66992.31929286999,0.2633229093184474,298.0153428009099,287.4977112078729,292.0569638224818,1041.8759967489173,0.7673593073593074,-0.1986803900122197,1.289428270584006,1.0365833576512626,0.1599699042968858,3.300799014352523e-05,6.017710800562525e-05,1.2839077830882009e-08,-1.1093537398492684e-14,-6.684449970069741e-11,-2.072041672502834e-15,685.4302304734796,9.852709253317348,9.852709253317348,732.3830313098193,734.3667419720169,683.4465198112821,0.0,53.62586553678623,0.8980197679395264,2.357218366644469,0.4080684700258746,0.6342291410194696,0.1607450904987912,0.3399773620503579,0.1342064238201996,0.1565872739411267,0.1238499563850275,0.1511922328371601,0.0985173043682062,0.0333865514351227,0.0935598885439382,0.1240478784618094,0.0387209848582223,0.0395400456854742,0.1019562371997096,0.0282001888130812,0.0350316391455592,0.1555293099173862,0.1154641685531359,0.0530531110922139,0.0617194827427775,0.0219522786949763,0.0374851663995306,0.0404568866226276,0.0237413074639033,0.0447437157888674,0.010086700643731,0.0308111154911881,0.0613048099248729,0.0221657542151709,0.0480281003670509,0.055894669371058,0.0276701081326351,0.0315458445118346,0.0250582429664868,0.0123358478994357,0.013055299248021,0.0461507290902501,0.019797530810134,0.0256121728422245,0.0941775337537531,0.0708487768962565,0.0279926666013422,0.0191059832713377,0.0419856105026734,0.031204069216555,0.0148296419848915,0.0
1,F5,CCTTGGCACCCGAGAATTCCAACAGTGCTAAAAAAAAAAAAAAAAAAAAAAAAAAAAAA,D4,neural_bias,single,extreme_curve,round_ovoid,RR,64974.15961203999,948.8379789909144,293.82320987127474,281.9399927160608,0.28151586225931,302.23548959652305,0.9866850321395776,0.9595565743073188,64316.55701940999,0.2657834190251101,291.6753084568845,281.18455442336966,286.16495903294435,999.1404489954996,0.7718613933236574,-0.686947910478285,1.2351520701710763,1.0373091404505783,0.1595032900705416,3.41055186113164e-05,6.503798275091217e-06,5.58241721793407e-10,3.3618928100913254e-17,-2.9482969896684085e-12,-1.1017936689945924e-18,673.7460589833187,24.366162249366155,24.366162249366155,683.4674362269197,703.4529979588553,653.760497251383,0.0,52.522674572462506,0.968964650405537,0.7395612716372377,0.761367214210889,0.2580994669021845,0.4313378664794222,0.2242219364553887,0.5435218343035924,0.2176190983997531,0.0628948074477386,0.0516863604536749,0.3179681498099611,0.094606794621155,0.1368128255131811,0.0831509260175375,0.036682802407846,0.0547849901491978,0.1250512738132707,0.0416367863377351,0.0818018206431499,0.0519939705601779,0.0209549470326868,0.0532780408972807,0.033395269860275,0.0351818887040251,0.0409124081246308,0.0481431016124869,0.0163648562919339,0.0374100361955276,0.0389984583669713,0.0994216052820633,0.0561893979065727,0.0057664122134236,0.0634326329736149,0.0188081880407181,0.0582181842942745,0.0544526324175465,0.0500835261953931,0.0494805409033424,0.0733285252574569,0.0694328285330224,0.0309572510723745,0.0409413240270508,0.0464809783712243,0.0545133060039286,0.0186967678972349,0.0516417753323917,0.0570134622284113,0.0173784341824076,0.0188700129926789,0.0
1,F8,CCTTGGCACCCGAGAATTCCAGTCAATCGAAAAAAAAAAAAAAAAAAAAAAAAAAAAAA,E4,neural_bias,single,extreme_curve,elongated,RR,68050.53036147,992.8267789909144,299.1814980891548,291.1031405907549,0.2308115526561474,317.36259669225353,0.979758406790728,0.9729984723320272,67801.09489529999,0.2562134120128874,299.61174899417296,289.6107805842793,293.8146272686868,1052.0916498082702,0.7482482482482482,0.4473917622496561,1.2991538247766414,1.0345324452001303,0.160065265754672,2.9507296435028106e-05,1.3917642647078996e-05,6.02670787554462e-08,-1.3555948977694047e-14,3.2282334970044643e-10,-5.3504866817699104e-14,702.6492141648926,-19.004776531209554,-19.004776531209554,733.1362196545155,742.255514510396,693.529919309012,0.0,53.88535967912215,0.738992583714611,1.378691295353418,0.8107948534522937,1.7407686362559165,0.9384271562595028,0.6467245338647649,0.1321445769662464,0.1932573421481295,0.3062389850832017,0.3644772197300227,0.3617341698802487,0.0372497868514407,0.155199359346693,0.1258110804287629,0.1104869679992514,0.119254005536104,0.0771094461126764,0.1323705627962208,0.1017905606831732,0.0311130276178901,0.0356208291553684,0.073685062964035,0.0688577658512897,0.0365085506591431,0.0480587412078994,0.0074739854770742,0.0743263087908042,0.0090895336070798,0.0563079604872569,0.0179241320847167,0.0450473448846051,0.036051014700718,0.0773493472223152,0.0742291642108993,0.0315631895389403,0.0190087528978458,0.0439683128507641,0.0197337802496197,0.1180273104377023,0.0406747907701111,0.0531032527366574,0.0998036771698881,0.0275725418090365,0.0678697471716337,0.0580342840532085,0.0386377338182799,0.0835279219308262,0.0126131465042598,0.0111575684744364,0.0
1,G3,CCTTGGCACCCGAGAATTCCATGCGCGTGAAAAAAAAAAAAAAAAAAAAAAAAAAAAAA,F4,TLS,single,TLS_single,teardrop,RR,62079.19647437,931.0079949087202,284.9905512383615,277.6903338057813,0.2248891574373685,297.6363279957606,0.9860727578340736,0.9743843527413144,62086.75512485999,0.2314894525585603,285.9752269755618,278.20740017254485,281.16065128189666,992.7458471553024,0.7669467787114846,0.175064600451625,1.2631860803342974,1.0279209927492916,0.1602406862324824,1.946258822814152e-05,8.47573265854032e-05,7.005959107871938e-08,5.139305091985008e-14,1.4417885720862908e-11,-1.628030314018694e-13,641.0891685518066,-6.215032367965117,-6.215032367965117,675.1278281618042,676.2271134900371,639.9898832235737,0.0,51.66169673701458,0.7223032442064995,2.6126917205104845,0.7724293137790741,0.7489236678539716,0.2148722263754849,0.2588016823800644,0.1773864317098825,0.1740564711880268,0.2743827747743404,0.1638598363005606,0.0609798173144564,0.0668573641327932,0.0887653914463942,0.1230360317677426,0.0350071642284721,0.0931139155947017,0.0676353705422099,0.0624928107238961,0.0696301472499239,0.1376648373808388,0.0173824774141981,0.027922768884652,0.049970925074211,0.0864913113279141,0.0234226152650322,0.0682618099747764,0.048178355781308,0.0538821336746596,0.0610573502956507,0.0953477027685936,0.0557778024070268,0.0515848579365172,0.0466631527158614,0.0229979198422198,0.0428274820239813,0.0763407271320559,0.0463710517146418,0.0273510758730468,0.0442127182790216,0.0368452861083582,0.0158663820592392,0.0239792400356829,0.0481094238849142,0.0372697469699614,0.0679531496546038,0.02378911714511,0.0444120621463732,0.0275759527592592,0.0509116926107623,0.0
1,G6,CCTTGGCACCCGAGAATTCCAGTCGGCTGAAAAAAAAAAAAAAAAAAAAAAAAAAAAAA,G4,TLS,single,TLS_single,teardrop,RR,56742.78922842999,884.7416002146555,274.73714792205254,263.16784304062617,0.2871369179626804,278.33183230096046,0.9888040042149632,0.9578895501794,56591.61621862999,0.2929826833238104,274.6432478997121,262.59128357494467,268.4300349626239,918.123973684979,0.7716965574108431,0.9433468526908724,1.185333869521371,1.045896284753594,0.1594572498917568,5.1132774035400456e-05,1.897875152053496e-06,3.295168701054482e-09,-2.5750926737172964e-16,-1.4668117194194425e-11,3.992238805606054e-17,605.2444399908954,-25.44414419658604,-25.44414419658604,588.611989948688,623.6969294047117,570.1595005348718,0.0,49.24763610033331,1.1354665066989669,0.3100621230051263,0.5380971789737753,0.4572241113397991,0.3836895084226768,0.3067061819621385,0.1499431944185549,0.0186593327261598,0.0737350508602132,0.2122326496071395,0.1090031119544931,0.1456794088178054,0.0428758806829881,0.0594592084408501,0.0897668817993137,0.0652008235252278,0.0355940104887232,0.0232865231521737,0.038467599427191,0.0702781949480423,0.0323909391809979,0.0154599049661809,0.0392498452222408,0.0277600363024391,0.0180892221793424,0.0536061660308042,0.0574624313507243,0.0302687551790911,0.038119127246215,0.0286796246035246,0.0434573052318806,0.0039862585556555,0.0639177131491611,0.0479303574578323,0.0450423865639867,0.038272180347561,0.0779035263484589,0.0911555211707928,0.0786973238921739,0.0262510907251228,0.0253075600863424,0.0459648579832542,0.0241154530304288,0.0322635078278111,0.0295434385258813,0.0555368369672018,0.0096642774215039,0.0119615320019943,0.0114316852705596,0.0
1,G10,CCTTGGCACCCGAGAATTCCAAGCATCACAAAAAAAAAAAAAAAAAAAAAAAAAAAAAA,H4,neural_bias,single,extreme_curve,teardrop,RR,57921.93870487,903.2386763379468,283.87426283518505,260.2598325837905,0.3993150567852644,290.54261076874764,0.9858484497619968,0.916813768125556,58178.93282152999,0.3900181168452221,284.26040445506493,261.749022306093,272.1685469316072,974.7539994018848,0.7485897685275238,0.2438030415479934,1.2996141666972236,1.0860036914393774,0.1604065692013431,0.0001743544900296,4.8813850932331456e-05,4.7086573330818594e-08,2.6536004525303846e-14,3.2145449961330837e-10,-6.627139715347463e-14,572.4301484396454,-23.8083372222066,-23.8083372222066,662.2192147030922,668.1415687881369,566.507794354601,0.0,50.017723005892805,2.0961500981693204,1.8583616062985515,0.6482012125398948,0.8679738617213422,0.4771975068602803,0.3243282882006061,0.1558878834299523,0.1133751740060826,0.0766927120977236,0.1200044773140922,0.0250485178038274,0.0180936551007122,0.063650125915479,0.1875019899862444,0.1299348118423452,0.1219006709890701,0.0920604708582508,0.0746360327436528,0.0607957519806644,0.0353871946805933,0.0509546137747954,0.0634830613169901,0.0285192504784002,0.056655166822816,0.0328392959681573,0.0655231732790242,0.0556055787211109,0.0406716796754669,0.0223159494211434,0.0368124040917085,0.022428233435609,0.0869399430036117,0.0466784823908579,0.0974163422523101,0.0257448744526075,0.0392525498328108,0.0526750261010207,0.0889359380981266,0.0893585717747123,0.0222468359919794,0.0636587923624781,0.0169565414060319,0.047554693908641,0.0443712313908708,0.0019877947383252,0.0154523214853221,0.0525654172567344,0.0250992512033978,0.0108317053584523,0.0
