,PLSR Dim 1,PLSR Dim 2
048h-[Area]-BF,-0.010751883010785907,-0.17640453261846797
048h-[Aspect Ratio]-BF,-0.014170890637269699,0.01294418932400905
048h-[Axis Major Length]-BF,-0.015371767098480543,-0.14392207857456193
048h-[Axis Minor Length]-BF,-0.0038780032850408075,-0.1755731424931042
048h-[Eccentricity]-BF,-0.011767458392107915,0.015296079011871865
048h-[Feret Diameter Max]-BF,-0.016452672410722315,-0.1428147978897219
048h-[Perimeter]-BF,-0.011609939103922181,-0.17398768145395518
048h-[Solidity]-BF,0.0004872715118633145,-0.03155788221505982
048h-[str Area]-BF,-0.010123186272611199,-0.1754141927499421
048h-[str Aspect Ratio]-BF,-0.014255450498040124,0.011676251392415262
048h-[str Eccentricity]-BF,-0.011804610486984762,0.01274193767257385
048h-[str Equivalent Diameter]-BF,-0.010006232099739828,-0.17563982881697981
048h-[str Extent]-BF,0.01855803054860407,-0.02771501227511556
048h-[str Form Factor]-BF,0.0020469796521187583,0.03899450480472676
048h-[str Inertia Tensor 0 0]-BF,0.0013067791985334873,-0.17052494077764307
048h-[str Inertia Tensor 0 1]-BF,0.0005138893961249905,0.002355756207628061
048h-[str Inertia Tensor 1 0]-BF,0.0005138893961249905,0.002355756207628061
048h-[str Inertia Tensor 1 1]-BF,-0.018095396175931266,-0.13281959838830185
048h-[str Inertia Tensor Eigvals 0]-BF,-0.015254003931260819,-0.1441197756150914
048h-[str Inertia Tensor Eigvals 1]-BF,-0.003488869094359421,-0.17442718756525305
048h-[str LoCo EFA Coeff 0]-BF,0.0,0.0
048h-[str LoCo EFA Coeff 1]-BF,-0.010241963341751963,-0.17501433647736614
048h-[str LoCo EFA Coeff 10]-BF,-0.012591370585567203,-0.005023071985587444
048h-[str LoCo EFA Coeff 11]-BF,-4.3311484907974e-05,-0.03388099005393243
048h-[str LoCo EFA Coeff 12]-BF,-0.004476675330120911,-0.0118829739791162
048h-[str LoCo EFA Coeff 13]-BF,-0.0015692152763670266,-9.082177583369173e-05
048h-[str LoCo EFA Coeff 14]-BF,-4.138446453360083e-05,0.0077425585113226605
048h-[str LoCo EFA Coeff 15]-BF,0.0002100028965019248,0.007707516207532099
048h-[str LoCo EFA Coeff 16]-BF,0.019760452163831335,0.0029416741503633594
048h-[str LoCo EFA Coeff 17]-BF,-0.00027243712826239484,-0.007797648678039404
048h-[str LoCo EFA Coeff 18]-BF,-0.0027045275743052682,0.009198677451498135
048h-[str LoCo EFA Coeff 19]-BF,0.020720379940986813,0.020657576016988984
048h-[str LoCo EFA Coeff 2]-BF,-0.015318465251824629,0.0009155071697330673
048h-[str LoCo EFA Coeff 20]-BF,0.011964522288548505,0.018775968661833037
048h-[str LoCo EFA Coeff 21]-BF,0.00278475975229569,-0.0011738895340944705
048h-[str LoCo EFA Coeff 22]-BF,0.01303648086144866,0.030357160888776203
048h-[str LoCo EFA Coeff 23]-BF,-0.00707567581970209,-0.005020318312648284
048h-[str LoCo EFA Coeff 24]-BF,0.005361265162112559,-0.005420446596647342
048h-[str LoCo EFA Coeff 25]-BF,0.005757059913222923,0.019800265588706897
048h-[str LoCo EFA Coeff 26]-BF,0.0026440991004590512,0.008146603864241295
048h-[str LoCo EFA Coeff 27]-BF,-0.003978612167062731,-0.006639276547347574
048h-[str LoCo EFA Coeff 28]-BF,0.007536207948923658,0.007175114071265007
048h-[str LoCo EFA Coeff 29]-BF,0.006813625985789298,-0.005086434322981257
048h-[str LoCo EFA Coeff 3]-BF,-0.004354783096756401,-0.001775142069204401
048h-[str LoCo EFA Coeff 30]-BF,0.008923582270582079,-0.017011540305055417
048h-[str LoCo EFA Coeff 31]-BF,0.008396155972208663,0.021617468399200958
048h-[str LoCo EFA Coeff 32]-BF,-0.003950928968747949,0.025161394968017912
048h-[str LoCo EFA Coeff 33]-BF,-0.0017139849980328582,0.0009074822865082929
048h-[str LoCo EFA Coeff 34]-BF,-0.00624399839000525,0.011862860626059268
048h-[str LoCo EFA Coeff 35]-BF,-0.001785846680952264,0.013486955912724561
048h-[str LoCo EFA Coeff 36]-BF,0.010401338743677099,0.028295111567072945
048h-[str LoCo EFA Coeff 37]-BF,0.02226784888230229,0.0014347077927832049
048h-[str LoCo EFA Coeff 38]-BF,0.01910875752311763,0.02632420651815412
048h-[str LoCo EFA Coeff 39]-BF,0.010166968296990486,0.01413887013280764
048h-[str LoCo EFA Coeff 4]-BF,-0.01737590326899207,-0.025310284662148436
048h-[str LoCo EFA Coeff 40]-BF,0.004836328578052914,0.010742218410160551
048h-[str LoCo EFA Coeff 41]-BF,0.009543534155598922,0.0045438174373900785
048h-[str LoCo EFA Coeff 42]-BF,-0.002508464186843387,0.010267567898096417
048h-[str LoCo EFA Coeff 43]-BF,-0.00733640488219352,0.02452309589056756
048h-[str LoCo EFA Coeff 44]-BF,0.002509667946219326,0.00855863515339972
048h-[str LoCo EFA Coeff 45]-BF,0.012596963508332447,0.014354433327165463
048h-[str LoCo EFA Coeff 46]-BF,0.003039457092033037,0.015655926683655234
048h-[str LoCo EFA Coeff 47]-BF,0.003708727440221833,-0.005918762765732854
048h-[str LoCo EFA Coeff 48]-BF,0.007585573090742906,-0.0034454296412461368
048h-[str LoCo EFA Coeff 49]-BF,-0.0009904642185803527,0.005729060921775921
048h-[str LoCo EFA Coeff 5]-BF,-0.027045871247951117,-0.01684252248448566
048h-[str LoCo EFA Coeff 50]-BF,0.014593438767482723,0.020088008527120033
048h-[str LoCo EFA Coeff 51]-BF,0.0,0.0
048h-[str LoCo EFA Coeff 6]-BF,0.0009857792744428697,-0.014917860053707405
048h-[str LoCo EFA Coeff 7]-BF,-0.01912262133478407,-0.01960553242462955
048h-[str LoCo EFA Coeff 8]-BF,-0.018360001746918306,-0.035621613376314594
048h-[str LoCo EFA Coeff 9]-BF,0.0035348324739527207,0.008283553013078718
048h-[str Major Axis Length]-BF,-0.014818852725387865,-0.14520695484284146
048h-[str Minor Axis Length]-BF,-0.0035348598391369912,-0.17454794914063185
048h-[str Moments Hu 0]-BF,-0.016189501227983488,0.006712956853481158
048h-[str Moments Hu 1]-BF,-0.016177276436875908,0.01267561863112813
048h-[str Moments Hu 2]-BF,-0.004712135818993008,0.0016224701208223562
048h-[str Moments Hu 3]-BF,-0.016373885546628657,-0.004924329200649405
048h-[str Moments Hu 4]-BF,-0.010931869243067532,-0.008114260614976868
048h-[str Moments Hu 5]-BF,-0.007355875481450477,0.0058246643355386344
048h-[str Moments Hu 6]-BF,0.0066522735542889275,-0.0008448681082810638
048h-[str Perimeter]-BF,-0.008022835962339844,-0.13839765673901064
072h-[Area]-BF,0.01232876794166558,-0.17894044499796485
072h-[Aspect Ratio]-BF,-0.010667606795903508,-0.00732261813792507
072h-[Axis Major Length]-BF,0.007794045757566951,-0.17438648206443472
072h-[Axis Minor Length]-BF,0.013985854379766868,-0.17026156092989234
072h-[Eccentricity]-BF,-0.008927568557630477,-0.008299775222910652
072h-[Feret Diameter Max]-BF,0.003852430568438221,-0.17009996378493566
072h-[Perimeter]-BF,0.00914052268914749,-0.1796175910409279
072h-[Solidity]-BF,0.02132634927501545,-0.04170326157067905
072h-[Integrated Intensity]-TmCH(BF),0.11702290365692658,-0.06344155773994867
072h-[Integrated Intensity Edge]-TmCH(BF),0.11632833759728109,-0.0615351322361935
072h-[Lower Quartile Intensity]-TmCH(BF),0.12456803647700106,-0.02303841516027929
072h-[M AD Intensity]-TmCH(BF),0.05287525395425957,0.044666239483333744
072h-[Mass Displacement]-TmCH(BF),0.02040987936816174,0.02351527082799677
072h-[Max Intensity]-TmCH(BF),0.07038231135506598,-0.007748626758228581
072h-[Max Intensity Edge]-TmCH(BF),0.08281350652316638,-0.01897551459124058
072h-[Mean Intensity]-TmCH(BF),0.12290877887321269,-0.012646581514224948
072h-[Mean Intensity Edge]-TmCH(BF),0.11946738823340668,-0.024453365107993046
072h-[Median Intensity]-TmCH(BF),0.12268891404300238,-0.011113059482455681
072h-[Min Intensity]-TmCH(BF),0.09908292909463945,-0.016333053647042985
072h-[Min Intensity Edge]-TmCH(BF),0.0971760272292375,-0.018778900083992238
072h-[Std Intensity]-TmCH(BF),0.0867314526388346,0.022590377110952166
072h-[Std Intensity Edge]-TmCH(BF),0.07209772596817252,-0.010426523151968382
072h-[Upper Quartile Intensity]-TmCH(BF),0.1194794334084987,-0.0046891679447829595
072h-[Radial Distribution Sum 1of9]-TmCH(BF),-0.04778788483698108,0.06570468346749785
072h-[Radial Distribution Sum 2of9]-TmCH(BF),-0.0457698965613769,0.08241271392744524
072h-[Radial Distribution Sum 3of9]-TmCH(BF),-0.03433343366202319,0.07308099742415257
072h-[Radial Distribution Sum 4of9]-TmCH(BF),-0.030742002437628445,0.0723005342965481
072h-[Radial Distribution Sum 5of9]-TmCH(BF),-0.013480689316527779,0.06537949843529357
072h-[Radial Distribution Sum 6of9]-TmCH(BF),0.025640614253267545,0.04351665799801265
072h-[Radial Distribution Sum 7of9]-TmCH(BF),0.07980132739341148,-0.0409357108380382
072h-[Radial Distribution Sum 8of9]-TmCH(BF),0.0617283838471408,-0.07505698351202174
072h-[Radial Distribution Sum 9of9]-TmCH(BF),-0.04279252320891436,-0.05372166185009052
072h-[Radial Distribution Mean 1of9]-TmCH(BF),-0.058575238632507964,0.0722795915535687
072h-[Radial Distribution Mean 2of9]-TmCH(BF),-0.0510288550701277,0.07448486511601277
072h-[Radial Distribution Mean 3of9]-TmCH(BF),-0.04225004060738674,0.07549712326024646
072h-[Radial Distribution Mean 4of9]-TmCH(BF),-0.034534162948225706,0.07015091911655
072h-[Radial Distribution Mean 5of9]-TmCH(BF),-0.015589418571007346,0.06445566482286046
072h-[Radial Distribution Mean 6of9]-TmCH(BF),0.03146723348952677,0.03516345228260822
072h-[Radial Distribution Mean 7of9]-TmCH(BF),0.08486802499617463,-0.04358387202580164
072h-[Radial Distribution Mean 8of9]-TmCH(BF),0.06406054348098249,-0.08034062449980654
072h-[Radial Distribution Mean 9of9]-TmCH(BF),-0.044210625273010895,-0.04433260582458299
072h-[Radial Distribution Radial CV 1of9]-TmCH(BF),0.0016326415268110557,-0.005270845729973722
072h-[Radial Distribution Radial CV 2of9]-TmCH(BF),0.015901550936118333,0.004206068832973893
072h-[Radial Distribution Radial CV 3of9]-TmCH(BF),0.009648184674795744,0.019313973850341774
072h-[Radial Distribution Radial CV 4of9]-TmCH(BF),0.0019417918100722257,0.01624592593332054
072h-[Radial Distribution Radial CV 5of9]-TmCH(BF),0.006572078758303776,0.025573517349946073
072h-[Radial Distribution Radial CV 6of9]-TmCH(BF),0.010149824000994323,0.0328838545730971
072h-[Radial Distribution Radial CV 7of9]-TmCH(BF),0.011498187372083411,0.03911794387828339
072h-[Radial Distribution Radial CV 8of9]-TmCH(BF),0.020549413884904118,0.03546321410358903
072h-[Radial Distribution Radial CV 9of9]-TmCH(BF),0.03617586584132093,0.018808069070769443
072h-[str Area]-BF,0.012889753374121876,-0.17862274897348943
072h-[str Aspect Ratio]-BF,-0.014792551218952784,-0.008496247632733211
072h-[str Eccentricity]-BF,-0.01216144760954764,-0.0045366270422695825
072h-[str Equivalent Diameter]-BF,0.012192322775949034,-0.1793563661139973
072h-[str Extent]-BF,-0.0011585354044965485,0.0118685567678105
072h-[str Form Factor]-BF,0.0001527243730460889,-0.013041366254905675
072h-[str Inertia Tensor 0 0]-BF,0.013960270908076004,-0.16314666891638294
072h-[str Inertia Tensor 0 1]-BF,-0.010172008873519718,0.013622028018262337
072h-[str Inertia Tensor 1 0]-BF,-0.010172008873519718,0.013622028018262337
072h-[str Inertia Tensor 1 1]-BF,0.009021729938370152,-0.16898695548117643
072h-[str Inertia Tensor Eigvals 0]-BF,0.007545601141335695,-0.17223576101317115
072h-[str Inertia Tensor Eigvals 1]-BF,0.01627088839592249,-0.16951488409554233
072h-[str LoCo EFA Coeff 0]-BF,0.0,0.0
072h-[str LoCo EFA Coeff 1]-BF,0.012158037555711208,-0.17919422011286282
072h-[str LoCo EFA Coeff 10]-BF,-0.022416074694781435,-0.040092642484157615
072h-[str LoCo EFA Coeff 11]-BF,0.003265339526138236,-0.0339032531643901
072h-[str LoCo EFA Coeff 12]-BF,-0.02233246880983393,-0.015131782551621974
072h-[str LoCo EFA Coeff 13]-BF,-0.004566126951255701,-0.01168369574567764
072h-[str LoCo EFA Coeff 14]-BF,0.005706296179517457,-0.03247020833417257
072h-[str LoCo EFA Coeff 15]-BF,-0.003053452028770965,-0.011670029706527456
072h-[str LoCo EFA Coeff 16]-BF,0.02095516678721656,0.011793523258444709
072h-[str LoCo EFA Coeff 17]-BF,0.001263130524622277,-0.026816810337053333
072h-[str LoCo EFA Coeff 18]-BF,0.003428135812135386,-0.005233282145964998
072h-[str LoCo EFA Coeff 19]-BF,0.024582457403696883,0.0020863296263282424
072h-[str LoCo EFA Coeff 2]-BF,-0.013124767947597614,-0.023263443815444654
072h-[str LoCo EFA Coeff 20]-BF,0.002178093922051468,-0.005835956135778713
072h-[str LoCo EFA Coeff 21]-BF,0.0002874439719473161,0.0405038918716128
072h-[str LoCo EFA Coeff 22]-BF,-0.006533711756634123,-0.0012533790414086103
072h-[str LoCo EFA Coeff 23]-BF,0.016964758216253407,-0.013558349342870294
072h-[str LoCo EFA Coeff 24]-BF,0.007581821738173813,0.0098955545220459
072h-[str LoCo EFA Coeff 25]-BF,0.00599357808037144,0.004706838607818841
072h-[str LoCo EFA Coeff 26]-BF,-0.002431190506359107,-0.0065746742121027026
072h-[str LoCo EFA Coeff 27]-BF,-0.0073951512293785725,0.02245579011319294
072h-[str LoCo EFA Coeff 28]-BF,0.015487136866634076,0.005279031969542996
072h-[str LoCo EFA Coeff 29]-BF,-0.0037106776892070147,0.007864315863694736
072h-[str LoCo EFA Coeff 3]-BF,-0.0006626984582305236,-0.024789608222057745
072h-[str LoCo EFA Coeff 30]-BF,0.008935804820259807,0.01803864748285251
072h-[str LoCo EFA Coeff 31]-BF,-0.002142606774351121,0.03445749616053162
072h-[str LoCo EFA Coeff 32]-BF,0.0005435155740178712,0.009027141521228396
072h-[str LoCo EFA Coeff 33]-BF,0.010468104544855472,0.03062801915681749
072h-[str LoCo EFA Coeff 34]-BF,-0.012297914916223677,0.026497868247179836
072h-[str LoCo EFA Coeff 35]-BF,0.005786579577272019,0.0161952686241419
072h-[str LoCo EFA Coeff 36]-BF,0.012048833440379932,0.014982665362026156
072h-[str LoCo EFA Coeff 37]-BF,0.005431813726884174,-0.00114215714210383
072h-[str LoCo EFA Coeff 38]-BF,0.0021533767845471523,-0.026604059632321337
072h-[str LoCo EFA Coeff 39]-BF,-0.009771634566283112,-0.019359742528928248
072h-[str LoCo EFA Coeff 4]-BF,-0.012018841109892571,-0.027318626652132062
072h-[str LoCo EFA Coeff 40]-BF,0.00438720980433237,0.0055054849098483604
072h-[str LoCo EFA Coeff 41]-BF,0.0042520047342213384,-0.006652505273673254
072h-[str LoCo EFA Coeff 42]-BF,0.01814451454840758,-0.0030552776773540634
072h-[str LoCo EFA Coeff 43]-BF,0.002431655558917167,0.00442175050796211
072h-[str LoCo EFA Coeff 44]-BF,-0.010647023993562403,0.014452897850188811
072h-[str LoCo EFA Coeff 45]-BF,0.002629056341674543,-0.031063239905787216
072h-[str LoCo EFA Coeff 46]-BF,0.016614399586593102,-0.020465015118167534
072h-[str LoCo EFA Coeff 47]-BF,-0.004819237743371092,0.010316197218724281
072h-[str LoCo EFA Coeff 48]-BF,-0.01892630535930339,-0.016686927179468007
072h-[str LoCo EFA Coeff 49]-BF,-0.005060294508164137,0.008641536898203744
072h-[str LoCo EFA Coeff 5]-BF,-0.0007769167039751949,-0.03693672174541026
072h-[str LoCo EFA Coeff 50]-BF,0.005616551785335713,0.013341481251099756
072h-[str LoCo EFA Coeff 51]-BF,0.0,0.0
072h-[str LoCo EFA Coeff 6]-BF,-0.009018074103832525,-0.011758364465374488
072h-[str LoCo EFA Coeff 7]-BF,-0.009995183806984305,-0.003558581538535634
072h-[str LoCo EFA Coeff 8]-BF,-0.015443546133081526,-0.009932276964013095
072h-[str LoCo EFA Coeff 9]-BF,0.00025110665035826883,0.0009700277806462576
072h-[str Major Axis Length]-BF,0.007101315132592118,-0.17345137468497498
072h-[str Minor Axis Length]-BF,0.015518233393073828,-0.17035817882160156
072h-[str Moments Hu 0]-BF,-0.01666983280032032,-0.016918025953936194
072h-[str Moments Hu 1]-BF,-0.016994882681936628,-0.011684054305567031
072h-[str Moments Hu 2]-BF,-0.006132535739887218,-0.010699645882555184
072h-[str Moments Hu 3]-BF,-0.020247497280296664,-0.03702357880508323
072h-[str Moments Hu 4]-BF,0.011766949253281896,-0.005639702305224656
072h-[str Moments Hu 5]-BF,0.012383471355688734,-0.001973643994721208
072h-[str Moments Hu 6]-BF,-0.016896760020459013,-0.013330274778625834
072h-[str Perimeter]-BF,0.010458633762334614,-0.15940207355435304
072h-[str Major Axis Polarisation]-TmCH,-0.0017073119217507241,-0.0012540381434969269
072h-[str Minor Axis Polarisation]-TmCH,0.0018370650468493347,0.002581265237512883
096h-[Area]-BF,0.06669088915911944,0.04462920877491319
096h-[Aspect Ratio]-BF,-0.07139917080319984,0.05396975207968869
096h-[Axis Major Length]-BF,-0.021064705327040342,0.06701452751222423
096h-[Axis Minor Length]-BF,0.1022995694659134,-0.009426040015086823
096h-[Eccentricity]-BF,-0.06828897966401495,0.04238503514524208
096h-[Feret Diameter Max]-BF,-0.014501916983669583,0.07236660991464212
096h-[Perimeter]-BF,0.02828103416229059,0.0656872231679005
096h-[Solidity]-BF,0.05318124306027141,-0.06512111828917196
096h-[Area Fraction]-TmCH,0.12329640195959216,0.05192178693595338
096h-[Integrated Intensity]-TmCH(BF),0.13238659775265316,-0.060716508771295835
096h-[Integrated Intensity Edge]-TmCH(BF),0.12972580180426746,-0.02720095183185041
096h-[Lower Quartile Intensity]-TmCH(BF),0.13081472711879774,-0.05352447417047086
096h-[M AD Intensity]-TmCH(BF),0.05370492694945934,-0.0577154997431761
096h-[Mass Displacement]-TmCH(BF),-0.06125632601413473,0.0680718829874202
096h-[Max Intensity]-TmCH(BF),0.12583826008445784,-0.06729670693505148
096h-[Max Intensity Edge]-TmCH(BF),0.11385611098691534,-0.004686436647267074
096h-[Mean Intensity]-TmCH(BF),0.13651959363300314,-0.06421717254086767
096h-[Mean Intensity Edge]-TmCH(BF),0.1298287528721293,-0.03176362990443476
096h-[Median Intensity]-TmCH(BF),0.13554444376976388,-0.05966835790971484
096h-[Min Intensity]-TmCH(BF),0.0947693139480692,-0.047167432122700456
096h-[Min Intensity Edge]-TmCH(BF),0.094080648459056,-0.0457765138199256
096h-[Std Intensity]-TmCH(BF),0.08347713658379882,-0.061127924379328256
096h-[Std Intensity Edge]-TmCH(BF),0.06352126382677106,0.026930671422813284
096h-[Upper Quartile Intensity]-TmCH(BF),0.13534443317650055,-0.0696192030855533
096h-[Radial Distribution Sum 1of9]-TmCH(BF),0.04602678155112078,-0.10394026796578014
096h-[Radial Distribution Sum 2of9]-TmCH(BF),0.045711876510288275,-0.11032354591546607
096h-[Radial Distribution Sum 3of9]-TmCH(BF),0.03783602960420911,-0.11606039084869266
096h-[Radial Distribution Sum 4of9]-TmCH(BF),0.019736516397191692,-0.11465850626968646
096h-[Radial Distribution Sum 5of9]-TmCH(BF),-0.007140186557090501,-0.09229959370957715
096h-[Radial Distribution Sum 6of9]-TmCH(BF),-0.026425867509696062,-0.013991528584672074
096h-[Radial Distribution Sum 7of9]-TmCH(BF),-0.021134613966167844,0.08564469871714298
096h-[Radial Distribution Sum 8of9]-TmCH(BF),-0.015289351983328458,0.11684858708870091
096h-[Radial Distribution Sum 9of9]-TmCH(BF),-0.027405750357582487,0.11707143892575202
096h-[Radial Distribution Mean 1of9]-TmCH(BF),-0.0281424943821806,-0.041486799973787666
096h-[Radial Distribution Mean 2of9]-TmCH(BF),-0.028831253647008826,-0.04574419846400939
096h-[Radial Distribution Mean 3of9]-TmCH(BF),-0.03511783218842525,-0.04776975598765866
096h-[Radial Distribution Mean 4of9]-TmCH(BF),-0.040561745265835225,-0.04629766291455192
096h-[Radial Distribution Mean 5of9]-TmCH(BF),-0.043240930598250675,-0.040592812703022736
096h-[Radial Distribution Mean 6of9]-TmCH(BF),-0.0260395879618161,-0.016503915212931857
096h-[Radial Distribution Mean 7of9]-TmCH(BF),0.013181203317247014,0.051516351260074034
096h-[Radial Distribution Mean 8of9]-TmCH(BF),0.023408413777691872,0.0826528962812449
096h-[Radial Distribution Mean 9of9]-TmCH(BF),0.005276154814062415,0.09430600623548405
096h-[Radial Distribution Radial CV 1of9]-TmCH(BF),-0.03206281796505555,0.029097141427652788
096h-[Radial Distribution Radial CV 2of9]-TmCH(BF),-0.04155653883079322,0.05099718752999171
096h-[Radial Distribution Radial CV 3of9]-TmCH(BF),-0.05333920732061234,0.07367056210764625
096h-[Radial Distribution Radial CV 4of9]-TmCH(BF),-0.05451773923768666,0.08505286705690801
096h-[Radial Distribution Radial CV 5of9]-TmCH(BF),-0.0652147860697925,0.08746559014301389
096h-[Radial Distribution Radial CV 6of9]-TmCH(BF),-0.07524095833016811,0.08384213744935899
096h-[Radial Distribution Radial CV 7of9]-TmCH(BF),-0.07646458990288865,0.07948977777504714
096h-[Radial Distribution Radial CV 8of9]-TmCH(BF),-0.06735254684556935,0.0723365188040263
096h-[Radial Distribution Radial CV 9of9]-TmCH(BF),-0.03023929970177463,0.06242343996121088
096h-[Area]-TmCH,0.12272034487105435,0.05631918496449369
096h-[Bounding Box Area]-TmCH,0.11785872006824351,0.062310038488487506
096h-[Compactness]-TmCH,-0.08203131869732894,0.03297447410902743
096h-[Convex Area]-TmCH,0.12122596321140508,0.05881956914369446
096h-[Eccentricity]-TmCH,-0.08106413555148892,0.006647756566953789
096h-[Equivalent Diameter]-TmCH,0.12204983066236325,0.054060206191128425
096h-[Euler Number]-TmCH,0.0,0.0
096h-[Extent]-TmCH,0.06571496861302853,-0.012732355346942883
096h-[Form Factor]-TmCH,0.09168571227822186,-0.03409242332058587
096h-[Major Axis Length]-TmCH,0.10281001305061128,0.06711644765647275
096h-[Max Feret Diameter]-TmCH,0.1025591943961822,0.07299386218675027
096h-[Maximum Radius]-TmCH,0.12477599390874806,0.03776648836540247
096h-[Mean Radius]-TmCH,0.12575891235753972,0.04079391224696004
096h-[Median Radius]-TmCH,0.12572170145203843,0.04211284630327924
096h-[Min Feret Diameter]-TmCH,0.12179606010011132,0.04518464183485158
096h-[Minor Axis Length]-TmCH,0.12256427434820043,0.04376266861937427
096h-[Orientation]-TmCH,-0.0007973429134733565,-0.0030156695149666547
096h-[Perimeter]-TmCH,0.11272176521399332,0.06831745370694885
096h-[Solidity]-TmCH,0.09441976161459364,-0.01651220402047044
096h-[Integrated Intensity]-TmCH(mCH),0.13600759296652526,-0.06104462867960036
096h-[Integrated Intensity Edge]-TmCH(mCH),0.12727640115318098,-0.03521356722569191
096h-[Lower Quartile Intensity]-TmCH(mCH),0.1299318034104478,-0.054092351727410753
096h-[M AD Intensity]-TmCH(mCH),0.11953160510383631,-0.08125893809283571
096h-[Mass Displacement]-TmCH(mCH),0.05663303292375856,0.03699326796965761
096h-[Max Intensity]-TmCH(mCH),0.12583826008445784,-0.06729670693505148
096h-[Max Intensity Edge]-TmCH(mCH),0.10634566316423336,-0.00715853036570262
096h-[Mean Intensity]-TmCH(mCH),0.1329800778094042,-0.0672886636380828
096h-[Mean Intensity Edge]-TmCH(mCH),0.11121210156843377,-0.004807356087326631
096h-[Median Intensity]-TmCH(mCH),0.13226370614108035,-0.06495725668779403
096h-[Min Intensity]-TmCH(mCH),-0.02272146018148078,0.015955218000784577
096h-[Min Intensity Edge]-TmCH(mCH),-0.02410389383185699,0.018188909747814973
096h-[Std Intensity]-TmCH(mCH),0.12626774262813156,-0.0787194926792743
096h-[Std Intensity Edge]-TmCH(mCH),0.10758109285642646,-0.005997633640537881
096h-[Upper Quartile Intensity]-TmCH(mCH),0.1317586892260346,-0.07270162114794122
096h-[Radial Distribution Sum 1of9]-TmCH(mCH),0.08556220012572541,-0.08719001760547296
096h-[Radial Distribution Sum 2of9]-TmCH(mCH),0.09234497907835061,-0.08938764900445992
096h-[Radial Distribution Sum 3of9]-TmCH(mCH),0.09583539319064449,-0.096144984679384
096h-[Radial Distribution Sum 4of9]-TmCH(mCH),0.09635097115534474,-0.09677974571589673
096h-[Radial Distribution Sum 5of9]-TmCH(mCH),0.09594857347660399,-0.08960559600021314
096h-[Radial Distribution Sum 6of9]-TmCH(mCH),0.07082922880125293,-0.05322243153903874
096h-[Radial Distribution Sum 7of9]-TmCH(mCH),-0.03935503584881411,0.051032816667267895
096h-[Radial Distribution Sum 8of9]-TmCH(mCH),-0.09672986800302148,0.09751220404670825
096h-[Radial Distribution Sum 9of9]-TmCH(mCH),-0.1096399502542242,0.09631294779929928
096h-[Radial Distribution Mean 1of9]-TmCH(mCH),0.06018981146735863,-0.06884788626767005
096h-[Radial Distribution Mean 2of9]-TmCH(mCH),0.06948375834404302,-0.07561967044822582
096h-[Radial Distribution Mean 3of9]-TmCH(mCH),0.07914293547261522,-0.08621568888018723
096h-[Radial Distribution Mean 4of9]-TmCH(mCH),0.08095668201039745,-0.09139971005343571
096h-[Radial Distribution Mean 5of9]-TmCH(mCH),0.07794380333450583,-0.08572118604162227
096h-[Radial Distribution Mean 6of9]-TmCH(mCH),0.05783560173498621,-0.045982187865169014
096h-[Radial Distribution Mean 7of9]-TmCH(mCH),-0.011518664297482406,0.04855912686344669
096h-[Radial Distribution Mean 8of9]-TmCH(mCH),-0.08300091829045146,0.1016805079057517
096h-[Radial Distribution Mean 9of9]-TmCH(mCH),-0.11710677131435387,0.0972584790858772
096h-[Radial Distribution Radial CV 1of9]-TmCH(mCH),-0.0057731823624754715,0.02327342222927918
096h-[Radial Distribution Radial CV 2of9]-TmCH(mCH),-0.0055041181488301215,0.027076317943347663
096h-[Radial Distribution Radial CV 3of9]-TmCH(mCH),-0.0013330771799007293,0.04455815767627653
096h-[Radial Distribution Radial CV 4of9]-TmCH(mCH),0.005172547020132568,0.05047858425551314
096h-[Radial Distribution Radial CV 5of9]-TmCH(mCH),0.015095493356880573,0.05163025718392552
096h-[Radial Distribution Radial CV 6of9]-TmCH(mCH),0.028036324452703515,0.05139295418859469
096h-[Radial Distribution Radial CV 7of9]-TmCH(mCH),0.04693250439161012,0.040175430888982386
096h-[Radial Distribution Radial CV 8of9]-TmCH(mCH),0.0722520948925849,0.023397662363095685
096h-[Radial Distribution Radial CV 9of9]-TmCH(mCH),0.09866247071465503,0.009951139862485163
096h-[str Area]-BF,0.06549041189527367,0.04547674337233416
096h-[str Aspect Ratio]-BF,-0.07345146449692896,0.06121019500230602
096h-[str Eccentricity]-BF,-0.06966722917589015,0.053665896691092584
096h-[str Equivalent Diameter]-BF,0.06562907985571495,0.04601171857740472
096h-[str Extent]-BF,0.016666615685054113,-0.031801364232995726
096h-[str Form Factor]-BF,-0.05387652234198988,0.057862937216423146
096h-[str Inertia Tensor 0 0]-BF,0.1042100857403905,-0.01289613504335392
096h-[str Inertia Tensor 0 1]-BF,0.010076914772259754,-0.034301620215894106
096h-[str Inertia Tensor 1 0]-BF,0.010076914772259754,-0.034301620215894106
096h-[str Inertia Tensor 1 1]-BF,-0.025288152074696854,0.07056462441295701
096h-[str Inertia Tensor Eigvals 0]-BF,-0.02455062029484243,0.07162340655489996
096h-[str Inertia Tensor Eigvals 1]-BF,0.10526774253577209,-0.014215444464514624
096h-[str LoCo EFA Coeff 0]-BF,0.0,0.0
096h-[str LoCo EFA Coeff 1]-BF,0.056212512806113606,0.052559801741373036
096h-[str LoCo EFA Coeff 10]-BF,-0.019254457926005834,-0.0025520729581635843
096h-[str LoCo EFA Coeff 11]-BF,-0.020346715434583686,0.00923815123921782
096h-[str LoCo EFA Coeff 12]-BF,-0.02013517571620267,-0.012539066915879915
096h-[str LoCo EFA Coeff 13]-BF,-0.023974876919651243,-0.019997569102225655
096h-[str LoCo EFA Coeff 14]-BF,-0.029172667406113635,0.010129327228024218
096h-[str LoCo EFA Coeff 15]-BF,-0.03455628457408522,0.007190954632729507
096h-[str LoCo EFA Coeff 16]-BF,-0.011245782929843257,-0.01408098868422704
096h-[str LoCo EFA Coeff 17]-BF,-0.005679485955889615,-0.0011167092630506724
096h-[str LoCo EFA Coeff 18]-BF,-0.021710365112230724,0.0021276475471124624
096h-[str LoCo EFA Coeff 19]-BF,-0.017696010647076703,0.008583709293594841
096h-[str LoCo EFA Coeff 2]-BF,-0.06714814981968537,0.06256507238512955
096h-[str LoCo EFA Coeff 20]-BF,-0.019416863216722383,-0.01329710380903393
096h-[str LoCo EFA Coeff 21]-BF,-0.014823177752509627,7.533133755428318e-05
096h-[str LoCo EFA Coeff 22]-BF,-0.01574523518852303,0.01773029536270554
096h-[str LoCo EFA Coeff 23]-BF,-0.00881376911794923,-0.001549496009292314
096h-[str LoCo EFA Coeff 24]-BF,-0.016641627384851424,0.003079852109208355
096h-[str LoCo EFA Coeff 25]-BF,-0.006689128563705557,0.025999745928006204
096h-[str LoCo EFA Coeff 26]-BF,-0.009727639782259082,0.0014067066295870491
096h-[str LoCo EFA Coeff 27]-BF,-0.006404731648870847,0.00968807326979304
096h-[str LoCo EFA Coeff 28]-BF,-0.012428702096626802,0.014777935854917604
096h-[str LoCo EFA Coeff 29]-BF,-0.026637764363810643,0.014171966897211324
096h-[str LoCo EFA Coeff 3]-BF,-0.002717139538338664,0.03833549144122785
096h-[str LoCo EFA Coeff 30]-BF,-0.009893311962949364,0.005134836976459697
096h-[str LoCo EFA Coeff 31]-BF,0.00724967280282239,-0.0026788180462360488
096h-[str LoCo EFA Coeff 32]-BF,-0.009743407041659661,-0.005405331578143375
096h-[str LoCo EFA Coeff 33]-BF,0.0004714297338964741,0.03500176949228714
096h-[str LoCo EFA Coeff 34]-BF,0.013018914148382167,0.002983850807518056
096h-[str LoCo EFA Coeff 35]-BF,0.0014171989214407392,-0.011599031609022929
096h-[str LoCo EFA Coeff 36]-BF,0.0029105281163833816,0.014856459577207883
096h-[str LoCo EFA Coeff 37]-BF,-0.0009647241808794514,0.004831959236129425
096h-[str LoCo EFA Coeff 38]-BF,0.003046476434950434,-0.00967270286931385
096h-[str LoCo EFA Coeff 39]-BF,0.0041365605685066125,-0.01828396718110771
096h-[str LoCo EFA Coeff 4]-BF,-0.014036841649631843,0.05993565208597541
096h-[str LoCo EFA Coeff 40]-BF,-0.006226087553805162,0.021282491507775066
096h-[str LoCo EFA Coeff 41]-BF,0.0065830823990996115,-4.0067379516498036e-05
096h-[str LoCo EFA Coeff 42]-BF,-0.009545685304437217,0.006378003685133623
096h-[str LoCo EFA Coeff 43]-BF,-4.091108486117655e-05,-0.016168330506407338
096h-[str LoCo EFA Coeff 44]-BF,3.588560216703342e-05,-0.026231910737135086
096h-[str LoCo EFA Coeff 45]-BF,-0.006763682447588505,0.030893792354683956
096h-[str LoCo EFA Coeff 46]-BF,-0.0023936111009027054,-0.0019264068474704873
096h-[str LoCo EFA Coeff 47]-BF,-0.0044168643524692104,-0.025953741859345146
096h-[str LoCo EFA Coeff 48]-BF,-0.013284693180246348,0.015628455941725215
096h-[str LoCo EFA Coeff 49]-BF,-0.0019442834344334293,-0.00043708266349906714
096h-[str LoCo EFA Coeff 5]-BF,-3.549584745949512e-05,0.04341302584675507
096h-[str LoCo EFA Coeff 50]-BF,-0.004818242811380639,-0.0021631481405618032
096h-[str LoCo EFA Coeff 51]-BF,0.0,0.0
096h-[str LoCo EFA Coeff 6]-BF,-0.011442898613639634,0.05279431923433138
096h-[str LoCo EFA Coeff 7]-BF,-0.003530292528086221,0.030253347439813612
096h-[str LoCo EFA Coeff 8]-BF,-0.015137573139910038,0.02150836215508547
096h-[str LoCo EFA Coeff 9]-BF,-0.034769918005545956,0.01053211500922946
096h-[str Major Axis Length]-BF,-0.02156771105148005,0.07207389771479185
096h-[str Minor Axis Length]-BF,0.10581776517521828,-0.015793401788740575
096h-[str Moments Hu 0]-BF,-0.06995991289172115,0.06937066667909712
096h-[str Moments Hu 1]-BF,-0.06842655086746226,0.06301896752431686
096h-[str Moments Hu 2]-BF,-0.021186286043276128,0.046669981054073356
096h-[str Moments Hu 3]-BF,-0.025062618050155375,0.034326085153738015
096h-[str Moments Hu 4]-BF,-0.017921695885224784,0.024420925707870893
096h-[str Moments Hu 5]-BF,-0.020951598313658445,0.028629898256883984
096h-[str Moments Hu 6]-BF,-0.005822012762009666,0.010835047817536473
096h-[str Perimeter]-BF,0.026119238377196128,0.06275545937636993
096h-[str Major Axis Polarisation]-TmCH,-0.05978012349385681,0.008104584649252471
096h-[str Minor Axis Polarisation]-TmCH,-0.04195421034578849,0.04690599144208487
