Run,Plate,ID,area,perimeter,axis_major_length,axis_minor_length,eccentricity,feret_diameter_max,solidity,aspect_ratio
RR,1,A1,111059.25164956998,1240.8834622603376,383.2586370388876,369.7818815883623,0.26285115847570495,394.2154919259262,0.9909624333985297,0.9648363946742369
RR,1,A2,97302.50775776998,1175.7292179726583,369.71672608571765,337.4326847229176,0.40867722977038734,383.9975960327356,0.9890135218192994,0.9126789807304657
RR,1,A3,104324.49406297998,1213.6667808311113,379.84006970088944,350.35907323110393,0.38626998421829023,388.31368585849503,0.9866323539924227,0.9223857649009995
RR,1,A4,106637.44111291999,1265.317320625626,437.6704096925197,312.97759173507154,0.6990233783411184,462.086915733404,0.985470801899972,0.7150988159216667
RR,1,A5,91693.98909418998,1175.338444502335,413.70918210122676,283.3754809008631,0.728577857147023,408.4630855607028,0.9873036542687393,0.6849629961355959
RR,1,A6,106025.19042322999,1225.9981649133056,379.4644458883647,357.5848568321681,0.3346545696007382,394.1867300188199,0.9878864708782309,0.942340872001923
RR,1,A7,88012.92630555999,1134.132467566273,363.9054268293099,314.6101764201462,0.5025669511937988,373.67225010933043,0.986946940159349,0.8645382927133823
RR,1,A8,110053.95113439998,1367.6275808311111,494.62440069133675,292.5496946630631,0.8063356058586291,513.1257459616112,0.9644939056703763,0.5914582747114099
RR,1,A9,99456.72314741998,1190.6145153196908,387.9793042362257,327.72919191309825,0.5352275462650635,394.53173451646444,0.9882830103650293,0.8447079221358584
RR,1,A10,110507.47016379998,1254.5964391963994,405.6047931430351,347.9958544949061,0.5137034589990813,405.4168902562521,0.9889738212812014,0.8579678060465783
RR,1,A11,103387.22140221999,1207.7774073607877,373.98593255133846,353.107347123249,0.32945062378482365,385.7063117764344,0.9892239820640776,0.9441728054163551
RR,1,A12,126403.31214426998,1403.563867566273,472.1116869234382,347.2951528657306,0.6773936176761733,512.0049963566566,0.9817423975578256,0.735620749253028
RR,1,B1,103009.28887771998,1215.277283484079,382.9089702805338,346.86212209673783,0.42357608918197215,396.59545893316783,0.9881090487238979,0.905860528267628
RR,1,B2,90053.76193785999,1121.686628584529,350.93478850109034,327.5881376366849,0.35864777027016287,357.038710105571,0.9886316488258236,0.9334729652647904
RR,1,B3,80348.45470869998,1066.0335365434319,341.86546835276624,299.53267698775034,0.482000032842902,347.29437926481046,0.9883774988377498,0.8761711980768607
RR,1,B4,89910.14757855,1138.8495206256262,365.18466031598416,313.7818012565657,0.5115702403342883,370.13584010637226,0.9891891891891892,0.8592414615254075
RR,1,B5,107053.16688986999,1258.2082179726583,439.91439615463383,311.0729076299609,0.7070921076467841,451.66405444158374,0.9842251563585823,0.7071214544218191
RR,1,B6,,,,,,,,
RR,1,B7,93704.59012452999,1161.1202391963996,400.452227467837,299.335083952519,0.664270115101181,398.3355257644992,0.9894644424934153,0.7474926181464695
RR,1,B8,91830.04480300998,1171.4503471553026,372.0359365933127,324.61313701424916,0.4885575555057989,376.74439465136044,0.9803114661502461,0.8725316698883762
RR,1,B9,104369.84596591999,1253.7674834840789,443.15045713181286,301.01602569664874,0.7338942742985178,454.69964465894407,0.9863561682977355,0.6792637147322472
RR,1,B10,92797.55206573,1141.679752461238,351.70963856157914,337.2135327351208,0.2841363525903457,360.4205423129208,0.9898411674594856,0.9587838823930317
RR,1,B11,97839.17194255999,1188.7276940959496,373.01671941630576,334.7110238814435,0.44140422745846103,383.45590096120566,0.988016181970842,0.8973083683894847
RR,1,B12,106576.97190899999,1228.1613047078201,386.9472744899376,351.35439798308806,0.4189350317462384,396.36668683764276,0.9880176581879335,0.9080162108551687
RR,1,C1,103712.24337328998,1227.1034391963997,397.77408044264627,332.7153724152678,0.5480538232309611,410.09751694261695,0.9889009009009009,0.8364430685001379
RR,1,C2,109441.70044470999,1264.764683484079,424.37821428935786,331.37199214027834,0.6247295635653707,436.27328360637665,0.9877882385045709,0.7808411953831724
RR,1,C3,121218.07790812998,1373.6314092009845,510.9186970378088,303.7271599680844,0.8041158762206947,510.40071428030933,0.9881693265142646,0.5944725877698855
RR,1,C4,105261.76672373999,1338.4096232785937,519.3193613801913,262.21140963329435,0.8631698870735336,522.2946449889181,0.9771945828362922,0.504913602559352
RR,1,C5,99131.70117634999,1221.8811577671731,415.86725117987464,307.0312230868572,0.6744818606043393,431.21962003657717,0.9866837195305447,0.7382914192347819
RR,1,C6,106614.76516144998,1286.8735383836288,472.6232085044732,290.10985365469674,0.789438978699068,476.7400356418684,0.9847109745881039,0.6138290469752734
RR,1,C7,100802.16293463999,1237.824320625626,427.5933619835597,303.97318281566464,0.7033000496850058,441.0291975132372,0.9865364698919958,0.7108931284750672
RR,1,C8,85639.51005169998,1115.2446179726583,364.473800140084,300.3538251631292,0.5664803970527881,370.73777863897277,0.9865900383141762,0.8240752148650726
RR,1,C9,83311.44570078,1102.6369153196908,336.88624794382224,316.517865183122,0.3424411310575729,350.74862134474597,0.9875459188244781,0.9395392869699544
RR,1,C10,100197.47089543998,1205.8905861370465,400.75283726704953,320.41809100155115,0.6006122876454489,418.76089999903286,0.9879266656729766,0.7995404179460226
RR,1,C11,94006.93614412998,1165.122791442982,371.9741959643102,323.8338828601249,0.4920240993604448,377.64615375417236,0.9852649924740553,0.8705815789738163
RR,1,C12,108474.19318198999,1259.2660834840788,420.6151064322815,329.59527014829916,0.6212618592573507,438.94191072407284,0.9868656305872645,0.7836030259207144
RR,1,D1,111550.56393141998,1301.7588357306613,470.96164745097263,302.6902090571997,0.7661123221434318,473.84566348701554,0.9854433760683761,0.6427067059398078
RR,1,D2,113084.96998088999,1341.1924463425319,506.597597591247,286.68447586049894,0.8244726736539729,507.4376686769913,0.9870686811374283,0.565901767445437
RR,1,D3,95616.92869849999,1154.0111365434318,377.45630149687275,323.37982117920944,0.515757755719643,391.2225885247553,0.9905254091300603,0.8567344614377531
RR,1,D4,104876.27554874998,1239.8255967489172,425.0124387009427,316.56153208715034,0.6672555452813822,434.09348845116295,0.9886703719538265,0.7448288644321227
RR,1,D5,96047.77177642999,1207.7774073607877,419.73726256234636,293.81615588992275,0.714142674490613,418.41780871442364,0.9835900611502438,0.7000001717652606
RR,1,D6,116546.83190530998,1347.5200020548523,496.8603095003127,299.5960701026201,0.797757458498078,497.6233,0.9831664860039533,0.6029784717638661
RR,1,D7,107317.71965701999,1274.7040179726584,458.6833105223873,299.62265452409974,0.7571652649148494,461.57136253361733,0.9862461794943039,0.6532233627224504
RR,1,D8,80469.39311653998,1069.5308604201407,336.0942533150324,307.2494415780544,0.40531650778654815,342.20779073768904,0.9888537989968419,0.914176420892443
RR,1,D9,94226.13700833998,1225.9981649133056,452.77040672038146,266.19708894728774,0.808912156402275,466.4582650196478,0.9849095362250139,0.5879295223278224
RR,1,D10,98602.59564204999,1226.1126198128554,400.1019303526703,319.09593858612385,0.6032705447272837,420.2204097225407,0.9743800418285031,0.7975366134946072
RR,1,D11,110915.63729025998,1274.1513808311113,431.060936912861,329.01311948310826,0.6460872136919004,435.8225879451523,0.9851628063108425,0.7632635929374836
RR,1,D12,107249.69180260999,1230.1625808311112,399.86857463502446,342.6815862584103,0.5153404551144953,402.28187504646536,0.9885738173204208,0.8569855397393732
RR,1,E1,119781.93431502998,1320.9230038950493,438.70726256420113,351.3715668060874,0.5987648266865491,450.8349051217086,0.9880907843870806,0.8009248918113525
RR,1,E2,98859.58975870999,1197.1709808311111,373.89284423444354,341.1775072099375,0.4090749929802338,381.0533767241802,0.9855323638007686,0.9125007671877443
RR,1,E3,92676.61365788999,1169.839844502335,379.63814210624224,315.4766075970709,0.556282994327607,402.1221331045706,0.9883917775090689,0.8309929182742243
RR,1,E4,107332.83695799999,1293.8681861370467,471.8722963071252,294.24358567417585,0.7817705999294471,474.36381089549815,0.981544204050598,0.6235661385017249
RR,1,E5,100628.31397336998,1204.832720625626,404.90426044659455,318.3698038528071,0.617865057483863,412.6240447274613,0.9881243969420322,0.7862841539421118
RR,1,E6,84913.87960465999,1092.859444502335,363.17500091417367,299.1930933115411,0.5668424261272449,367.9134585400756,0.9891696750902527,0.8238262340701338
RR,1,E7,93462.71330884998,1161.511012666723,375.77696435512286,319.30741055286626,0.5272247472741888,384.3222465914379,0.9862019460839049,0.8497258768930529
RR,1,E8,101172.53680864998,1311.1455330776935,500.6063632554821,262.12157205824815,0.8519592153342324,505.6470226103778,0.9797247840726102,0.5236081506308693
RR,1,E9,102374.36223655999,1230.324444502335,376.34501901950597,353.59043707375076,0.3424447306044888,400.77590111245456,0.9791079303115737,0.9395379750075135
RR,1,E10,89570.00830649999,1180.9514994018848,416.83315023102966,278.3167189780972,0.7444364321745618,431.35106405553233,0.9769972792480831,0.6676933416256365
RR,1,E11,99547.42695329999,1192.6157914429818,390.89724408259025,325.6750787835693,0.5530507845294859,404.8291737562647,0.988590301756493,0.8331475437948072
RR,1,E12,109320.76203686999,1258.8753100137556,409.8544918407297,340.83923102931954,0.5553595697033196,415.47190186597453,0.9873702894593118,0.8316103344349105
RR,1,F1,97476.35671903999,1177.0634020548525,397.63101388808764,312.8089380725591,0.6173591450876406,405.8920374681425,0.9898679766656432,0.7866814386882772
RR,1,F2,100779.48698316999,1228.0468498082703,426.6027803840839,302.681989168215,0.7046881672277894,421.0829172436469,0.9855854523950325,0.7095171505813931
RR,1,F3,100257.94009935998,1198.7814834840788,406.5659356653516,314.66544653231597,0.6332354664003258,416.62555112758025,0.9885228797138172,0.7739592005349907
RR,1,F4,110250.47604713998,1274.1513808311113,436.4699655006686,324.2225088056628,0.6694812993494833,441.8168725889155,0.9869409296975438,0.7428289101948898
RR,1,F5,102230.74787724999,1259.5424020548526,443.69714566806516,301.07672861829013,0.7345416615476441,440.7891909353608,0.9568447117085249,0.6785635913094852
RR,1,F6,83190.50729293999,1111.0802020548524,346.7375613172154,308.8864469508557,0.45432419832326376,374.2483047118584,0.9797044685775325,0.8908364175413597
RR,1,F7,105254.20807324999,1308.7534834840787,454.76692557087244,304.76172284575375,0.7422263515514342,465.6148766461183,0.962069918474506,0.6701492692398068
RR,1,F8,96765.84357297998,1187.2790551142054,386.9031108233419,320.0130743210529,0.562033829979958,398.3734751311136,0.9879611051088131,0.8271142448042227
RR,1,F9,86894.24603303999,1122.468175525176,389.6177107310785,284.91051262790205,0.682102500964478,385.8826436275672,0.9872895912057712,0.7312565747930095
RR,1,F10,91950.98321084998,1162.8451967489173,355.72720884730074,336.0447687379102,0.32802267606606866,368.8777929355195,0.9819194446686577,0.9446698491994201
RR,1,F11,105511.20218990998,1246.1531524612378,388.19686455988904,350.2720105678379,0.43109802494516597,407.50895850925775,0.9821290367972982,0.9023050996688299
RR,1,F12,96508.84945632,1169.9542994018848,364.32454366100916,338.431796915382,0.3702567788342942,368.12911408255934,0.9882352941176471,0.9289294471203142
RR,1,G1,105292.00132569998,1222.66270470782,380.0509031920001,355.46820057034284,0.35380993469851973,392.34158233464115,0.9886444286728177,0.9353173419265941
RR,1,G2,87755.93218889998,1112.4143861370464,343.6246022496828,326.55191275488266,0.3112872430708647,353.8168585799438,0.9890952462088942,0.9503158697513897
RR,1,G3,101013.80514835998,1223.6061153196908,413.8738662012878,311.5551984319762,0.6582743156988314,426.49610085187174,0.9858365299498377,0.7527781381597337
RR,1,G4,95632.04599947999,1181.0659543014347,396.7576221325781,308.9611611683361,0.6273776810396909,403.6324474834252,0.9893650297153581,0.7787151246336876
RR,1,G5,102449.94874145999,1256.2069418493672,418.6905426026946,319.5179557886167,0.6462375508174627,439.888,0.9795475897954758,0.7631363101788876
RR,1,G6,95873.92281515998,1213.1141436895641,398.3420299454909,314.20839236850867,0.6146621941071119,398.8854382081401,0.9787792267921908,0.7887904583192111
RR,1,G7,94362.19271715998,1154.678228584529,376.64086606802647,319.55315765184446,0.5293086736316097,382.3899759787774,0.9889883545908262,0.8484293300083078
RR,1,G8,102918.58507183999,1262.0963153196908,454.25645881357235,292.1050654477138,0.7658326060973002,455.0901267067876,0.98360182041465,0.6430399827679594
RR,1,G9,95337.25863036998,1183.2290940959497,398.7611962445882,305.4127316608145,0.6429551361104774,410.97207350262863,0.985390625,0.7659038405368898
RR,1,G10,84278.95296349999,1089.9147577671731,346.7946971452384,310.37779120522833,0.44608617219433094,354.8621100700947,0.9880372175454143,0.8949900150152568
RR,1,G11,103009.28887771998,1220.661428584529,404.3779060920363,326.9264149411161,0.5885407554977532,415.61741980813315,0.987894164552374,0.8084675498238217
RR,1,G12,114422.85111761998,1270.148828584529,394.0304135484882,372.7293548283379,0.3243399975334505,414.13256285650857,0.9887655127367734,0.9459405721291382
RR,1,H1,104649.51603404999,1214.3338728722083,381.0137710524906,350.5599351274417,0.39175033182014285,391.36746610999745,0.9894232830701065,0.9200715610857712
RR,1,H2,104218.67295611999,1236.7190463425318,416.31860331689467,320.0293272364679,0.6395944377209006,425.6711988686573,0.9822611669160077,0.7687125309480034
RR,1,H3,101799.90479931998,1198.2288463425318,373.07337407577495,348.72948225258693,0.35531214133691497,385.7063117764344,0.9893484169543818,0.9347477104644741
RR,1,H4,115465.94488523998,1340.3634906302111,453.74744182672566,333.07909614870965,0.6790816410366104,461.44033666694116,0.9771011897147244,0.7340627526356477
RR,1,H5,100424.23041013998,1277.5342498082703,467.4267518751261,277.9958464949569,0.8039205502253118,455.2893926260088,0.9791436362296411,0.594736705547448
RR,1,H6,103931.44423749998,1214.8865100137552,385.8169779208503,344.7800291853636,0.44879203473437757,392.0814120378827,0.9887818207967783,0.8936362288755852
RR,1,H7,109864.98487214999,1261.6581330776935,406.7270784818856,345.3684024984696,0.5281671573225913,423.50822598529294,0.9824929025280519,0.8491404206170927
RR,1,H8,97627.52972883999,1202.831444502335,367.32631743581015,345.4388998666173,0.3400309633875402,390.4586794826054,0.9745717950652683,0.9404142406076916
RR,1,H9,95019.79530978999,1168.3437967489172,398.1510248983467,304.35380724743703,0.6447209725332609,403.18275935106647,0.9888303311570833,0.764417992708025
RR,1,H10,98262.45636999999,1177.0634020548525,378.5828731285601,330.7902072882333,0.4863590672666564,386.6360442854882,0.9890444309190505,0.8737590386871588
RR,1,H11,101799.90479931998,1210.8365489954995,366.2348981429454,355.8180743554938,0.23680586996230135,389.82902419067,0.9813465461964442,0.9715569874955342
RR,1,H12,111868.02725199999,1251.7662073607878,381.1955828030575,374.8967053921453,0.1810385751253248,394.7998629106778,0.9891064626077658,0.9834759958009103
RR,4,A1,102616.23905223998,1215.6680569544023,372.33407703130246,352.81677408929374,0.3195150329789338,386.17635112432765,0.9826288361320209,0.9475812069160463
RR,4,A2,104641.95738355999,1311.8126251187907,494.77694840856304,273.41351656115216,0.8334469046549938,488.6102493057733,0.9781671730375185,0.5525995449880587
RR,4,A3,94498.24842597998,1163.7886073607876,382.8826466021944,315.1468154476218,0.5679111894345659,390.0616306600919,0.9867403314917127,0.823089837693928
RR,4,A4,92986.51832797998,1162.17810470782,356.8295237153345,335.27951474702394,0.34225532020359034,374.72263095886,0.9809425085718843,0.9396069900720928
RR,4,A5,90182.25899619,1171.8411206256262,409.34460264075915,284.86519184694055,0.7181332940724754,416.679975227152,0.9855443581695027,0.6959055768885715
RR,4,A6,91142.20760841998,1149.8467206256262,382.3583654148083,306.42495222229445,0.598118416045094,387.7390336890265,0.9896585686145765,0.8014077366657424
RR,4,A7,98383.39477783999,1187.5079649133054,406.8004122296225,308.8285719959363,0.6508984081590715,405.8268541220627,0.9899604502585945,0.7591648452450804
RR,4,A8,90854.97888979998,1185.2303702192407,394.65596092375114,298.58761914366926,0.6539046242813138,414.4974374320063,0.9808241534067728,0.7565769903608712
RR,4,A9,84165.57320614999,1101.026412666723,360.2304529318807,299.73028663703855,0.554698396349808,368.07777898531174,0.9860963513992207,0.8320514942519791
RR,4,A10,102691.82555713998,1210.7220940959494,372.0618823898293,353.4910329802564,0.31198610411093614,388.5180179673781,0.986637618010167,0.950086664910986
RR,4,A11,89093.81332562999,1136.0192887900143,372.94044277515053,305.45022323909666,0.573747584600905,380.60680057094356,0.9881790744466801,0.8190321783450437
RR,4,A12,121951.26700565999,1359.575067566273,493.63529430332505,315.94968992054856,0.768335926060881,491.80973524321377,0.9854027972882184,0.6400467988547155
RR,4,B1,103825.62313063999,1208.6063630731082,397.0030779895551,335.18112275437073,0.5359048295921027,398.4303924037171,0.9894115104804437,0.8442783981719888
RR,4,B2,94588.95223185999,1238.376957767173,445.8306988208457,273.49136048071955,0.7897396272847085,444.3331529368476,0.9722632274104576,0.6134421905087796
RR,4,B3,86894.24603303999,1138.8495206256262,374.5404782828681,297.74329524431613,0.6066667583455245,384.3124127251161,0.9813060179257362,0.7949562530847423
RR,4,B4,79615.26561116999,1074.4768232785937,341.9934376559867,299.3577496720675,0.4835226429328009,347.29437926481046,0.9868827883444204,0.8753318535111579
RR,4,B5,98428.74668077998,1250.5464781781436,465.0629275687146,270.9849329689545,0.8126984925166689,467.4861084752893,0.9841293833131801,0.5826844431260663
RR,4,B6,91792.25155055999,1200.9446232785938,434.7662520312232,276.1020202623206,0.7724640144865179,424.87138171707915,0.9833198380566801,0.6350585377139439
RR,4,B7,94966.88475635998,1186.8408728722084,408.86850890206983,298.0544584341108,0.6845415252459409,422.24808792713316,0.9807196940129577,0.7289738679911378
RR,4,B8,106841.52467614999,1297.9181471553024,479.7568890908929,286.15798682476026,0.802639406001709,481.53579418536475,0.9805077691453941,0.5964645705599151
RR,4,B9,79312.91959156998,1062.536212666723,328.56177066119386,308.7572865204678,0.3419347107284179,339.76943496107765,0.987297704177644,0.9397237113104433
RR,4,B10,86319.78859579998,1120.1905808311112,392.1974671311713,280.65568477804743,0.6985124495536782,399.55757657600486,0.9871207537384389,0.7155979023295975
RR,4,B11,95548.90084408999,1190.2740264452743,366.2531268634146,334.76877751150016,0.4056316315563139,379.2140893641084,0.9851153366583542,0.9140366401195101
RR,4,B12,96191.38613573999,1219.994336543432,419.7050364307751,300.4024716699971,0.6983600363168682,415.72652483796367,0.9750229849831443,0.7157466448929415
RR,4,C1,113425.10925293999,1306.0851153196907,400.2866335034609,368.4030803267427,0.391099988933044,413.9682643745532,0.9698810754912099,0.9203481942485534
RR,4,C2,87634.99378105998,1123.2971312374966,339.3664330583373,332.8626899319773,0.19483701526101047,358.8020835302939,0.9853816080231175,0.9808356322463926
RR,4,C3,86682.60381932,1137.5153365434319,380.55121166138844,292.4294918542713,0.6399258869087902,382.6172273830858,0.979083070093059,0.7684366332131741
RR,4,C4,88232.12716976998,1145.1770763379468,398.80211572373486,283.4820045326648,0.7033600613643031,401.09639368755234,0.9873963796311961,0.7108337527703674
RR,4,C5,91898.07265741998,1160.2912834840788,360.7254635326979,329.01885829428306,0.4099606183905706,370.411424897343,0.9840550384459733,0.9121032240754449
RR,4,C6,66946.96738993,976.9980710320114,296.65737007649136,288.82700354631464,0.2282409454075464,308.3631352224192,0.9847676228596842,0.9736046789326093
RR,4,C7,71406.57117902998,1002.4897949087202,327.8092618644977,278.4463326610832,0.5277243348860741,333.42560100706123,0.9883866917765223,0.849415697034762
RR,4,C8,82230.55868070999,1100.7500940959496,366.9453551201781,289.82857737108037,0.6133113421223868,366.80237011502527,0.9855952165247327,0.7898412483683266
RR,4,C9,82767.22286549999,1099.3014551142055,363.28639366871937,290.84376651395377,0.5992113768022783,372.78115464525564,0.9873760144274121,0.8005908604966198
RR,4,C10,85526.13029434999,1100.3593206256262,355.18251286192475,307.60722290953936,0.4999505304459539,364.07210136543006,0.9873472949389179,0.8660539631609622
RR,4,C11,90545.07421970999,1136.0192887900143,354.710196255596,327.3862646492724,0.3848759911288036,360.4205423129208,0.9882847949839122,0.9229682938501306
RR,4,C12,105874.01741342999,1248.6596569544024,434.8432946333277,310.6458365948267,0.6997521380140905,436.1693182501607,0.9881481481481481,0.7143857118844897
RR,4,D1,96599.55326219999,1158.1755524612379,361.1834196577166,341.43978365007746,0.3260971522706553,373.43955540421797,0.9884755201485034,0.9453362614863394
RR,4,D2,94800.59444557999,1173.8423967489173,400.23146005373314,303.6069798058331,0.6515816621310159,408.32427371933204,0.9839177845767632,0.7585784979648333
RR,4,D3,96871.66467983999,1190.3381967489172,358.67824506477433,346.01895936228317,0.2633303029845563,372.6898997883361,0.9760853008377761,0.9647057331280156
RR,4,D4,91671.31314271998,1177.339720625626,360.11042352319953,327.3225261421223,0.4169041934885728,396.39529057005706,0.9723402549506935,0.9089504350907385
RR,4,D5,91142.20760841998,1156.6795047078201,375.19068281130893,313.92762774765424,0.5476387558429534,384.47955424564515,0.9856138630047409,0.836714881604709
RR,4,D6,92510.32334710998,1161.625467566273,360.2912755518893,330.8952768734455,0.3956288956696222,381.83610266920806,0.9790416766658667,0.9184104621089827
RR,4,D7,90477.04636529999,1162.845196748917,397.49124637691955,292.16187196797716,0.678051272772813,406.2271008902286,0.9842131228416379,0.735014606311445
RR,4,D8,83969.04829340999,1123.135267566273,397.0497790806156,273.89992139918496,0.7239640153297007,392.6015802210684,0.9767871274070166,0.6898377378106367
RR,4,D9,99955.59407975999,1227.2178940959495,444.1040240732321,287.4794513248503,0.7622144624521899,448.36354494097753,0.9870866611928043,0.6473245810478073
RR,4,D10,86864.01143107998,1140.4600232785938,370.7455938946809,307.51319171712134,0.5585879413289864,376.5035607925375,0.9855917667238422,0.8294453036830366
RR,4,D11,93213.27784267999,1186.3356445023348,394.34962264331375,307.7989889395578,0.6251269425995352,392.8421655758582,0.9813783224574248,0.7805230974392477
RR,4,D12,98685.74079743998,1202.5551259315614,383.97562847474416,331.313097234721,0.5054612824083335,389.44103800427865,0.9865497959800514,0.8628492869476818
RR,4,E1,115397.91703082998,1314.0902198128554,462.1249111222186,318.66170776805455,0.7242309205220476,479.3331815601023,0.9880913856708303,0.6895575202691849
RR,4,E2,98920.05896262999,1219.1653808311112,421.7128840938885,304.7621182086026,0.6911861114354649,421.7555239486141,0.976714680200015,0.7226768014532645
RR,4,E3,89018.22682073,1189.5566498082703,368.68356578757226,313.66095142189374,0.5255556203234296,395.02954239657817,0.9581028311096649,0.8507592432330401
RR,4,E4,85813.35901296999,1098.6343630731083,337.8542684508926,324.29511999975165,0.2804560343171953,347.8054663773415,0.9886789166594095,0.9598668724438157
RR,4,E5,87544.28997517999,1147.1309436895642,394.111572524965,285.2450728727487,0.6900441147422554,392.80368182130115,0.9796988665200473,0.7237673104731779
RR,4,E6,89078.69602464998,1156.0124126667229,405.77962114400225,282.50727555463715,0.7178394936096539,417.0698067786375,0.9850384486793714,0.6962086335389956
RR,4,E7,92223.09462848998,1172.2318940959497,419.14491147159896,281.0952726943993,0.7417831332366919,427.3105660838847,0.9859393939393939,0.6706398312399556
RR,4,E8,89653.15346188999,1140.1837047078202,362.5165268091103,316.5925397669342,0.4871489229831784,368.37542296815894,0.9844787516600265,0.8733189147363805
RR,4,E9,92759.75881327999,1183.9435949087203,405.4291147122177,294.86118626126057,0.6863390497647734,405.4914599704536,0.9797221778700304,0.7272817258586852
RR,4,E10,89403.71799571998,1150.1230391963995,396.3840487169237,289.33239178703667,0.6835224896841315,404.2966940827614,0.9859131449529049,0.7299294528213026
RR,4,E11,94022.05344510998,1214.610191442982,452.9451643605786,265.68107643272305,0.8099032805698898,456.25956772991617,0.985735795229416,0.5865634459477767
RR,4,E12,98708.41674891,1238.720322465823,429.4914271334049,298.763154034921,0.7184091833782302,446.9282916181744,0.9844704108556351,0.6956207625120345
RR,4,F1,99056.11467144999,1190.8908338904641,383.7227422490775,330.74469631473374,0.5070159814087647,402.28187504646536,0.9880126658624849,0.8619366534706059
RR,4,F2,101822.58075078999,1242.2176463425317,452.4713823643374,287.37380870300075,0.7724131459957717,450.0210245961515,0.9873204338903547,0.6351204073976168
RR,4,F3,84483.03652673,1103.4658710320114,352.91118724692075,306.1005580120061,0.49768367043633577,366.9259905319872,0.9882404951370468,0.8673586133664763
RR,4,F4,88171.65796584998,1129.3483683790437,373.3029146651099,303.70492934142567,0.5814786902422986,374.8436393466081,0.9863859293083037,0.8135616342933711
RR,4,F5,99675.92401162999,1202.2788073607878,402.27503537274697,317.55203070661474,0.6138915835530336,408.2409639587997,0.9869031582098489,0.7893903493473611
RR,4,F6,80922.91214593999,1077.1926002146554,355.1895962106016,291.73188550711745,0.57043708257153,359.24420449919575,0.9858195211786372,0.8213413022777324
RR,4,F7,95307.02402840999,1199.7248940959496,433.0561145161391,281.96019544257473,0.7589971874823426,444.88567416882506,0.9880887077815218,0.6510939021323221
RR,4,F8,94052.28804706999,1160.843920625626,377.3883606915641,317.82472922878804,0.5392138672253652,385.14739498826935,0.9876964597555168,0.8421688698781654
RR,4,F9,79781.55592194998,1075.8110073607877,359.8762130250957,284.060933227383,0.6139697420827969,358.04289171885534,0.9835072679836004,0.7893295609609359
RR,4,F10,99471.84044839999,1205.1090391963999,399.8980906279174,322.32746297182865,0.5918828379009061,400.0207880514462,0.9853987270685136,0.8060240109316655
RR,4,F11,76599.36406565999,1052.7587418493672,349.32514133451497,281.3452542509147,0.592736400629005,358.40159936453966,0.9856059132464501,0.8053965230675953
RR,4,F12,105163.50426736998,1281.6512569544022,462.1775762622319,293.25800190162914,0.7729116186180647,463.72794442485343,0.9759399551066218,0.6345136955221717
RR,4,G1,100378.87850719999,1199.7248940959496,400.93936468892514,319.9253620952211,0.6027375306347642,405.87341472318684,0.9875808730571874,0.797939514727969
RR,4,G2,94830.82904753998,1266.88041450692,413.28551528889165,300.1604231819851,0.6874004678011826,420.17543894774474,0.9519690416571819,0.7262785945260367
RR,4,G3,93326.65760002998,1171.174028584529,394.0254221102761,303.3880931124563,0.638079050585752,396.90980526132125,0.9857884231536926,0.7699708599704183
RR,4,G4,101920.84320715998,1318.8072728722084,514.7261119302103,256.5442839683449,0.8669418459123571,511.4732578140327,0.976889082083605,0.4984093054970732
RR,4,G5,99343.34339006999,1234.6033153196906,428.8444452570526,298.12831979217793,0.7188261447329394,436.6888975142487,0.9792861932791893,0.6951898831602623
RR,4,G6,83046.89293362999,1132.4075100137554,389.7545087438021,274.0457951388628,0.7110671381075884,404.78249304006465,0.9836168307967771,0.7031241178508129
RR,4,G7,99381.13664251998,1281.4223471553025,496.713458986621,257.22175286721654,0.855473034571163,495.8276990923863,0.9811940298507462,0.5178473589018349
RR,4,G8,86818.65952814,1104.2474179726585,352.47029147514155,314.36691812570774,0.45224014131690365,356.6150508521058,0.9879580251161191,0.8918962128979284
RR,4,G9,95405.28648477998,1208.9497277717583,414.52748346879656,296.8243388914203,0.6980442068508345,440.19718758942565,0.9835580144938829,0.7160546664061267
RR,4,G10,90832.30293832999,1160.8439206256262,400.05829889078046,292.0501194429347,0.6834269566620691,397.8228549990812,0.9864554260384173,0.7300189003769849
RR,4,G11,86758.19032421999,1127.1852285845289,388.23121349911673,287.0004817177008,0.6734295180260568,400.80419017766013,0.9868454990972402,0.7392514350687409
RR,4,G12,103636.65686838998,1277.9250232785937,428.5912917769163,315.5737433413458,0.6766502223112022,426.9477898020319,0.9663800394699746,0.7363046086004085
RR,4,H1,99154.37712781999,1177.3397206256261,362.11350527253506,349.1174098168354,0.26550153529013476,372.48703117617396,0.9882477022751243,0.9641104370136139
RR,4,H2,104460.54977179998,1244.3807861370467,409.66584006758677,329.53652546917425,0.5940836991614029,421.2534125128602,0.9832100170745589,0.8044032312159766
RR,4,H3,94573.83493087998,1208.7208179726583,365.06629509119506,338.026613761957,0.37768992935437584,393.9181842835007,0.9678217821782178,0.9259321342648643
RR,4,H4,95934.39201907998,1171.2884834840788,364.02201280866217,336.8178882077421,0.37931423452156565,375.12584044868197,0.9879349264419709,0.9252679133577036
RR,4,H5,111558.12258190998,1260.4384038950493,398.40611786381976,357.74122900545666,0.4401361217972357,400.08691734013246,0.9892091152815013,0.8979310632165973
RR,4,H6,103137.78593604999,1213.6667808311113,414.29624458239056,317.37215348450565,0.6427795048044669,416.09000165042414,0.9892699195243965,0.7660512438494727
RR,4,H7,110794.69888241998,1279.097343689564,421.49179741885547,338.472795653019,0.5959314499065828,428.1323094354127,0.9869377861567465,0.8030353086958493
RR,4,H8,108534.66238590998,1270.1014198128553,438.7697706004415,317.47654225932683,0.6902608055597974,438.45086145675435,0.9845046280425094,0.7235606542011108
RR,4,H9,81769.48100081999,1074.6386869498172,329.44720442903,317.28108757787135,0.26924713771719905,339.4244404408439,0.9863238512035011,0.9630711182623511
RR,4,H10,106750.82087026998,1270.3777383836286,397.85106033220507,350.89736400629084,0.4712836077012934,405.4914599704536,0.9713204951856946,0.8819817237970713
RR,4,H11,109721.37051283999,1300.5391065480171,466.6004139801016,302.1524276545436,0.7620132574555674,469.73622928626656,0.9865434280277287,0.6475614221538797
RR,4,H12,107408.42346289998,1255.101667566273,422.58038051782165,327.67241876244486,0.6314599424753196,431.64009999999996,0.987422694739768,0.7754084994691934
RR,5,A1,106078.10097665999,1224.6639808311113,375.76595578679735,361.8183181650516,0.26992227226331617,385.97077934399385,0.9881011054002675,0.9628821147659812
RR,5,A2,104218.67295611999,1222.7771596073699,370.710083216419,359.3608624622548,0.24554503420656262,387.4952799504144,0.9880329630956647,0.969385184628122
RR,5,A3,107567.15512318998,1275.4855649133053,454.58535055574526,301.94554400089135,0.7475354648676874,464.76182615693597,0.9880580434631674,0.6642218972339368
RR,5,A4,109781.83971675999,1290.6471808311114,455.2169970925044,308.93787521762835,0.7344519631148606,456.63216314353065,0.9800931236925569,0.6786606765363141
RR,5,A5,91535.25743389998,1139.9073861370464,361.0222096952947,323.8189600911768,0.44213149033071686,362.9180138657352,0.9879262522434329,0.896950246813021
RR,5,A6,,,,,,,,
RR,5,A7,106395.56429723998,1283.2617596073699,463.43040322420677,294.4200068607032,0.7722606975067744,473.67814087749497,0.9874430024552788,0.6353057650347195
RR,5,A8,106214.15668547999,1279.7644357306613,462.38825372978505,294.55426830035253,0.7708406558662115,479.1202514831741,0.9872137136433891,0.6370280082255009
RR,5,A9,99615.45480770999,1187.117191442982,371.42755958757505,342.9216332570973,0.3841923681813272,383.45590096120566,0.9888947249943724,0.9232530661910762
RR,5,A10,100696.34182777998,1228.5520781781436,406.90842546895647,319.1314660610652,0.6204029090650259,421.5404065678757,0.98520928856678,0.7842832590484469
RR,5,A11,101943.51915862999,1202.5551259315614,387.34993285741797,335.80007915557945,0.4984532504410951,389.47015037525017,0.987841500036622,0.8669165802571241
RR,5,A12,101210.33006109999,1206.4432232785937,391.2560018005435,335.0630961583904,0.5163491470062156,401.97172975811367,0.9878273699741793,0.8563781631884093
RR,5,B1,108111.37795846998,1310.202122465823,468.509227937412,302.7394357826745,0.7631883976949223,472.7676966431822,0.9785851122058019,0.6461760360953175
RR,5,B2,96818.75412640999,1185.7830073607877,374.93287714022676,330.5499591036629,0.4719517792813828,379.2140893641084,0.9885776028401636,0.881624363339136
RR,5,B3,87748.37353840999,1136.4574710320114,386.7199782227664,291.3740962368753,0.6575054186418566,407.06355282901467,0.9867403314917127,0.7534498154864708
RR,5,B4,98277.57367097998,1221.1666569544022,418.6413603744229,302.3662284143139,0.6916258316774967,422.53440637869954,0.9836586472991375,0.7222559857532586
RR,5,B5,97718.23353471998,1204.6708569544023,392.24037355167764,322.8549109490564,0.5678895895341508,405.1464599880394,0.9864184343048985,0.8231047406610739
RR,5,B6,,,,,,,,
RR,5,B7,103863.41638308998,1247.2110179726583,380.0191748857677,358.33283611621766,0.33298091260793844,403.18275935106647,0.9822015725518227,0.9429335670336402
RR,5,B8,84498.15382770999,1090.9726232785938,352.97144404511795,305.84739109245885,0.4991887041501241,357.409,0.985889408237058,0.8664932992521753
RR,5,B9,90220.05224863999,1162.4544232785938,391.79606779298723,297.34427398435093,0.651176725049969,404.9691836196058,0.9828722002635046,0.7589261312889396
RR,5,B10,99260.19823467999,1191.8342445023347,385.52526596275067,329.46717083217686,0.5192984742475584,399.3683562696098,0.988929889298893,0.8545929409047082
RR,5,B11,88413.53478152999,1117.7985312374967,353.61203434785773,319.7740382672326,0.42688151185744494,355.7662188222063,0.9885902636916836,0.9043075665028476
RR,5,B12,111180.19005740999,1288.7603596073702,444.4843937948832,321.97722156477397,0.6893970895684112,461.2355342350044,0.9847358907411127,0.7243836365453075
RR,5,C1,111936.05510640999,1277.9250232785937,429.216446697049,335.684840131484,0.6231685653195168,437.95926161486756,0.983072225172597,0.7820875521305879
RR,5,C2,80628.12477683,1068.5874498082703,327.9030827318371,314.9508874353308,0.2782802325729238,336.7415546839742,0.9875023143862248,0.9604999282452652
RR,5,C3,91845.16210398999,1185.6211436895642,438.76856309747944,266.8597091227531,0.7937826561446979,434.7807379638729,0.9889313909009523,0.608201524828628
RR,5,C4,94218.57835784998,1185.7830073607877,407.1504396060089,297.28499477403057,0.6832761283317218,406.8406671290617,0.9826566811194324,0.7301600731702689
RR,5,C5,82593.37390422999,1071.1413630731086,343.6168457523944,307.2673442754394,0.4476376879565283,352.68279297896004,0.990931350321937,0.8942150190647291
RR,5,C6,,,,,,,,
RR,5,C7,86629.69326588999,1134.68510470782,395.99576403159597,281.01787942041955,0.704555690929389,405.8920374681425,0.9809140705237932,0.7096487006815494
RR,5,C8,81436.90037925998,1105.857920625626,385.085378295806,270.52085578391706,0.7116879018413774,376.5035607925375,0.9854568736851733,0.7024957867294421
RR,5,C9,88156.54066486999,1121.5721736849791,362.9026901575906,312.0007974780246,0.5107373444881822,371.4099775753204,0.9852170974826829,0.8597367998086158
RR,5,C10,89842.11972414,1131.4640994018848,356.55064595654204,323.65776434565305,0.41951812797983884,372.36525695687556,0.988194213501829,0.907746958296359
RR,5,C11,108564.89698786999,1303.6456569544023,439.37807661897523,330.66719042004,0.6585007327829041,441.6885431465253,0.9628611651136287,0.7525800853891754
RR,5,C12,95337.25863036998,1173.17530470782,366.9122392766488,334.30158488265914,0.4121381266108922,379.05459654832043,0.9867010873816788,0.9111213775308229
RR,5,D1,108776.53920158999,1248.2688834840787,420.51934959944913,329.82252435052243,0.6203540907358324,424.7913171755868,0.9892081385757493,0.7843218740461843
RR,5,D2,98073.49010774998,1215.1154198128554,423.6112719090571,297.29146495892047,0.7123715324757632,434.3632982664281,0.9857924327609786,0.7018025361297383
RR,5,D3,89653.15346188999,1142.7376179726584,391.29414666217275,294.181992000445,0.6593706539946226,391.6184602927957,0.9884990415867989,0.7518180236271963
RR,5,D4,89108.93062660999,1137.1245630731084,365.42246533449253,314.9611298615059,0.5070619749659103,376.8146088657524,0.9872707478435642,0.8619095970829368
RR,5,D5,99857.33162338998,1195.5604781781435,370.33276325240536,344.35555727439333,0.3679276493131404,380.20940364652995,0.9835467540202502,0.929854421332128
RR,5,D6,106168.80478253998,1277.3723861370465,458.4993802512111,296.183642330747,0.7633502503411704,474.16459043780355,0.982925122463261,0.6459848259085289
RR,5,D7,85352.28133307998,1098.358044502335,348.30983522796254,313.3057094086394,0.43691477414096086,356.8798968231469,0.9877536738978306,0.8995029072423019
RR,5,D8,104800.68904384998,1240.7215985891141,425.64610305979346,315.7725241110314,0.6705477667067541,430.3862090122545,0.9893677750820608,0.7418663576174516
RR,5,D9,92011.45241476998,1156.6795047078201,376.28260721642806,314.40404111984594,0.549409932424123,393.1499,0.9832000646151361,0.8355529463497334
RR,5,D10,87589.64187811999,1138.963975525176,368.2572983611725,307.5341438801663,0.5500879650118946,371.83710783497656,0.9764071452645771,0.835106718179822
RR,5,D11,92941.16642503999,1206.5576781781435,443.40831587623995,268.7526289334696,0.7953835566369636,448.2708146607918,0.9846252402306214,0.6061064245093711
RR,5,D12,92941.16642503999,1145.4059861370465,355.62461988676955,333.54702070771333,0.3468548740461876,361.7915843898666,0.9874718920655317,0.9379188111720563
RR,5,E1,106471.15080213998,1235.7756357306612,406.7206754637405,334.898957864297,0.5674430127432936,417.18759111788063,0.9884912280701754,0.8234126713190747
RR,5,E2,82744.54691402998,1076.0873259315613,336.19425180887634,314.42102492307737,0.35402443930260946,343.0791533018,0.9884424379232506,0.9352361714435947
RR,5,E3,82857.92667137999,1083.4727471553024,345.39591762262086,307.3520279796134,0.45624488992718826,350.3712924999564,0.9871229176046826,0.8898542579632509
RR,5,E4,93447.59600786999,1188.451375525176,429.33450397780433,279.7287151598737,0.7586140567752704,429.54238261305477,0.9879335144638005,0.6515402618894452
RR,5,E5,87559.40727615998,1153.4584994018849,392.1548369611162,291.8076264658289,0.6680534481432178,401.1529246211474,0.9772228783532985,0.744113291390469
RR,5,E6,105254.20807324999,1269.481736543432,453.8239444774138,298.6244447650726,0.7530019670180863,439.9309557151554,0.9833345102746981,0.6580182654508101
RR,5,E7,97468.79806854998,1174.3950338904642,385.6217296967019,322.32803706458424,0.5489337585683641,393.62065208017225,0.9876685049019608,0.8358658556873878
RR,5,E8,95548.90084408999,1184.8395967489173,416.55884224574,293.46021674322714,0.7097170644432153,421.728640276778,0.9874238400249961,0.7044868263055776
RR,5,E9,87121.00554773999,1150.513812666723,407.06981411694005,273.49385226597917,0.7406783252693134,412.9627977861686,0.9839508280689773,0.671859820555036
RR,5,E10,101588.26258559998,1232.3257206256262,423.14036777046255,309.75360135509834,0.6812669173268732,425.5024737730322,0.9829591165069845,0.7320350998114361
RR,5,E11,110084.18573635998,1247.7162463425318,391.94574601669774,358.866270500955,0.4020860072260133,412.4774707537491,0.9884620605402471,0.915601901916462
RR,5,E12,98799.12055478999,1186.8408728722084,373.50352091535524,338.32043342482893,0.4237001067373524,382.933178904623,0.9875339981867634,0.9058025279004006
RR,5,F1,117385.84210969998,1439.662017972658,553.4004803880376,279.72481841948513,0.8628468502283481,543.1798626851514,0.971475040660578,0.5054654419948199
RR,5,F2,94656.98008626999,1148.6269914429818,372.380449279288,324.7732596918843,0.4892306660205332,379.0845065626924,0.990743670886076,0.8721544332428205
RR,5,F3,71504.83363539999,1015.8790445023348,323.32747503075876,283.28014750040523,0.4820566637755113,326.33391909761696,0.9860329372524494,0.8761400418367052
RR,5,F4,98020.57955431998,1248.6596569544024,467.1804857283333,268.3641052561905,0.8185512776505187,469.96949472097646,0.9861596958174905,0.5744334651260348
RR,5,F5,91943.42456035998,1152.9058622603377,382.7550144666515,306.69187029665125,0.5982967648418004,394.2634237750821,0.9870172022070757,0.8012745978625775
RR,5,F6,100938.21864345999,1209.1115914429818,388.84286478339703,333.4149356115285,0.514560343932632,399.5954098851111,0.9872107636578694,0.8574541693011536
RR,5,F7,93462.71330884998,1149.5704020548526,370.82386178818916,322.39342569728444,0.4941129198450444,382.3899759787774,0.9882512787723785,0.8693977354710586
RR,5,F8,108398.60667708998,1304.703522465823,448.8211045556462,315.3629940960921,0.711538188691662,452.19926106305167,0.9777065721298064,0.70264742654719
RR,5,F9,97007.72038865999,1206.5576781781435,437.0750893855275,283.47748219203214,0.7611478171701627,441.6885431465253,0.9865477746175725,0.6485784458468355
RR,5,F10,99675.92401162999,1182.8383206256262,377.9035840892501,337.5495456249452,0.4496277270367736,393.1499,0.9898663864284641,0.8932160472583017
RR,5,F11,105594.34734529999,1309.9258038950493,484.15645608010755,282.3794207687483,0.8122998706969232,483.6893114040044,0.9784283513097073,0.5832400192594486
RR,5,F12,112457.60199021998,1269.481736543432,394.5836084289279,364.8119997996191,0.3810624462679166,410.97207350262863,0.9873249717964032,0.9245493021166102
RR,5,G1,108020.67415258999,1257.4937171598879,386.8370476865616,360.2035201508881,0.36463502200396253,404.9691836196058,0.9826045104510451,0.9311505252794362
RR,5,G2,109018.41601726998,1288.76035960737,450.1760364981571,311.4394812111028,0.722072777916846,460.5877599897114,0.9831629175187457,0.6918171025577853
RR,5,G3,103538.39441201999,1254.5490304247257,419.535591229031,320.5460504744705,0.6451573663171832,424.3017055949929,0.9793379566740544,0.7640497187269135
RR,5,G4,95397.72783428998,1199.1722569544024,419.31279826823084,290.873353038154,0.7202730942014143,420.56203046161926,0.9859385985469885,0.6936906153102552
RR,5,G5,101928.40185764998,1243.0466020548524,427.4349796247423,305.25417085923476,0.6999891652322394,439.6989449989845,0.987695012085256,0.7141534628897859
RR,5,G6,101996.42971205998,1262.2107702192407,416.19425945343534,321.56034091644244,0.6348677833182735,416.8885351224833,0.9528315209716142,0.7726207981309731
RR,5,G7,92306.23978387998,1149.7322657260759,364.96854553920184,324.35488019423263,0.4584502089159709,370.38081449099116,0.9878660410936742,0.8887200942619126
RR,5,G8,90008.41003491999,1141.4034338904642,391.3622876314592,293.20803973555786,0.6623455323375121,394.99127175684526,0.9878058896723352,0.7491985022626098
RR,5,G9,96667.58111660999,1219.9469277717583,458.21039184895466,270.66641318299133,0.8068888108275815,457.29380539904537,0.987415071031501,0.5907033493736525
RR,5,G10,90144.46574373999,1143.1283914429819,365.355859743546,315.5707164335817,0.5039459346053228,376.97504938986344,0.9850499710911044,0.8637351995807324
RR,5,G11,96395.46969896999,1180.5133171598877,390.0143212314655,317.1168209067,0.5821377269264885,392.7748165309227,0.9848636960383041,0.8130901960353852
RR,5,G12,99751.51051652999,1185.0014604201408,380.47572344556,334.96680291596044,0.4742514760600807,389.7902429506029,0.9883912522468544,0.880389423752259
RR,5,H1,115367.68242886999,1294.14450470782,397.3050116523311,373.2675502858351,0.34255240953638866,408.8699950929757,0.9841382423109163,0.939498720978807
RR,5,H2,116713.12221608998,1325.0874198128554,433.52430948896114,355.79689727286734,0.5713477677026652,449.8530310765617,0.9863932541203526,0.8207080652346371
RR,5,H3,110522.58746477998,1295.2023702192407,399.2868904199888,363.0565465165924,0.41622341641928,415.171610028865,0.9792392177873024,0.9092623755683849
RR,5,H4,109419.02449323998,1285.4248994018847,404.0693354959633,357.3044055640885,0.46698528701270703,419.9595121951282,0.9850299401197605,0.8842650856579489
RR,5,H5,118413.81857633998,1313.8613100137554,430.03825140243345,353.3015911424338,0.5701241894765228,436.8706042668698,0.9857169823192601,0.821558524131871
RR,5,H6,111429.62552357999,1279.4881171598877,427.0180305854903,336.6554666343912,0.615179590685442,431.42991124428306,0.9833900340204123,0.7883870059837947
RR,5,H7,98096.16605921999,1170.8977100137554,365.93282241272817,342.373155653132,0.3530154067963698,373.90479999999997,0.988272921108742,0.9356175086884562
RR,5,H8,107219.45720064998,1284.3196251187906,457.10751387918805,303.752738131447,0.7472789361320042,467.550778869301,0.978073502034062,0.6645104902207488
RR,5,H9,111807.55804807998,1261.6581330776937,394.74917201688726,361.95508063330345,0.39906134398068727,407.50895850925775,0.9873840197583605,0.9169242300977368
RR,5,H10,109313.20338637999,1261.26735960737,415.5066407917963,335.8989602823773,0.5886223251474206,430.33351833781194,0.9832744084851781,0.8084081632059662
RR,5,H11,90333.43200598999,1132.0167365434318,363.9712736720545,316.55262195692404,0.4935477562887662,362.9596663407795,0.9879308919566835,0.8697186972017588
RR,5,H12,114914.16339946998,1269.3198728722084,394.1839056743066,372.4277220974495,0.32762736593018155,402.5354525431642,0.9904879796729429,0.9448070221445493
RR,6,A1,115239.18537053998,1282.480212666723,423.578776992478,347.90717638014667,0.5704220166177576,438.390519239114,0.9869877646144882,0.8213517656630017
RR,6,A2,,,,,,,,
RR,6,A3,100726.57642973999,1212.999688790014,407.8067496227719,316.36009170892555,0.6310282860277657,417.4683273590106,0.9865995409787518,0.7757598225178076
RR,6,A4,94286.60621225998,1159.9005100137554,388.3808343839207,309.42332288243756,0.6043739152517541,394.25383787144034,0.9881178707224335,0.7967008036667627
RR,6,A5,102729.61880958999,1237.938775525176,419.9777365799339,314.4493202927068,0.6628767333235076,431.91144241985535,0.9875027246966505,0.7487285465496527
RR,6,A6,96969.92713620998,1204.9945842968496,406.37937727735346,305.495529419722,0.659448676559941,419.5723655248281,0.9870739401400324,0.7517495879502311
RR,6,A7,111059.25164956998,1301.3680622603376,433.2407977330962,333.20668142938206,0.639125172903996,447.83219340638067,0.9851156553804894,0.7691027326439799
RR,6,A8,101928.40185764998,1274.1513808311113,441.06119431404574,299.7505507206414,0.7335716138984727,449.3570842769256,0.9813696237537297,0.6796121594574291
RR,6,A9,109653.34265842999,1272.1501047078202,425.50379131549204,333.5933734259956,0.620765569472746,423.25828434124,0.986468108255134,0.7839962421830715
RR,6,A10,101172.53680864998,1220.7758834840788,417.09983670227996,310.9424343537132,0.6665203588859557,421.71071687677085,0.9848429107497608,0.7454868283145831
RR,6,A11,104377.40461640999,1248.935975525176,425.0079077571152,315.5512429303631,0.6698907347720112,434.09348845116295,0.9829869020501139,0.7424596982103573
RR,6,A12,110076.62708586999,1253.100391442982,429.6029318183715,326.93825326070373,0.6487234200821098,441.8168725889155,0.9885954789220012,0.7610242599529732
RR,6,B1,111527.88797994998,1275.0947914429821,445.2258581809521,320.0730427083323,0.6951131062440254,453.0259132814369,0.9908669666241354,0.7189003891553976
RR,6,B2,96025.09582495998,1196.2108086872718,389.06187191750234,319.00051363235497,0.572474789845856,402.5354525431642,0.9885612014629211,0.8199223225348502
RR,6,B3,90643.33667607998,1161.9017861370464,376.4404709101134,309.7057459155267,0.5684443655674681,385.0001767647646,0.9840800919087478,0.8227217046210696
RR,6,B4,83492.85331253998,1081.5859259315614,339.33647873366436,314.0989697752787,0.3784373909435598,350.8994392729917,0.9884563758389262,0.9256268908884568
RR,6,B5,94022.05344510998,1158.6807808311112,379.0925953216079,317.0760070021405,0.5481076329552943,386.1665644734277,0.9862047094267818,0.8364078088445519
RR,6,B6,98005.46225333998,1209.3879100137553,425.40645381203683,296.16390517862027,0.7178571409314473,424.89806654496556,0.9840619307832422,0.6961904374621416
RR,6,B7,96735.60897101999,1177.0634020548525,386.3870143829707,320.8065006516387,0.5573577183736511,387.10495471415754,0.9887206427688504,0.8302724695961669
RR,6,B8,102986.61292624999,1234.9940887900143,421.8721810872472,315.6233077776269,0.6635306099352257,433.0387511602282,0.9862468331523706,0.7481491359875967
RR,6,B9,103659.33281985999,1232.440175525176,394.9022730750246,338.80361020393815,0.5137450165136496,409.9500396324654,0.9822375017905745,0.8579429223482118
RR,6,B10,98799.12055478999,1194.3881577671732,403.0614843807501,313.6023735011818,0.6282011691287609,404.07228219031555,0.9863416842740719,0.7780509566251159
RR,6,B11,83764.96473017999,1109.0789259315613,344.6873034704879,313.0635164988619,0.41841991843390414,367.1833993934502,0.9807079646017699,0.9082536935558067
RR,6,B12,109328.32068735998,1260.3239489954994,428.17312293282765,326.76020073092485,0.646221709831709,446.3782987185757,0.9893296853625171,0.7631497243281834
RR,6,C1,104369.84596591999,1215.944375525176,401.58511859508786,332.18894037999826,0.5619159283055364,410.9812694631472,0.9902467010900746,0.8271943480927123
RR,6,C2,86440.72700363999,1121.0195365434317,368.8375808178576,301.9334937212751,0.5743522449486417,379.54283162565457,0.986287192755498,0.8186082693953532
RR,6,C3,71429.24713049999,1003.1568869498172,326.8782266968753,279.3982073714047,0.5190447397407987,328.906378492239,0.9871513632090254,0.8547470726170442
RR,6,C4,99003.20411801999,1203.3366728722083,399.7400002214531,317.76339547581165,0.6067074607282612,406.42242698695895,0.9856272104748288,0.7949251896226873
RR,6,C5,91943.42456035998,1180.0080887900142,403.221573393859,295.51909517737465,0.6803417124830539,410.198876836456,0.9825525040387723,0.7328950499598327
RR,6,C6,87007.62579038998,1135.7903789909144,375.1256440719432,299.4981660063663,0.6021350216632809,386.50894981146297,0.9827542047297874,0.7983942733302639
RR,6,C7,98073.49010774998,1206.3287683790438,395.4962032354745,319.8271792673093,0.5882581573206208,405.05316630775764,0.9822848058142176,0.8086731974943572
RR,6,C8,91149.76625891,1175.4528994018847,369.0055074821885,319.83796928353337,0.49873133876376596,380.20940364652995,0.9804862183917392,0.8667566277421256
RR,6,C9,91588.16798732999,1180.5607259315614,425.9682456003001,275.327324438134,0.7630356055238634,422.22123561783343,0.9874500855675984,0.6463564532847422
RR,6,C10,87000.06713989998,1136.962699401885,367.1759065970905,305.9164391037652,0.5530313597099552,377.4659742764902,0.987050853271589,0.8331604378373699
RR,6,C11,110152.21359076998,1289.9800887900142,417.00362494895114,343.77036868945896,0.5660335473051823,425.71558909526675,0.979565772669221,0.8243822070648492
RR,6,C12,106569.41325850999,1229.3336251187907,389.1455167827235,350.2219184127034,0.43593789133836847,397.4331632985979,0.9899592753826709,0.8999767524194483
RR,6,D1,99539.86830280999,1267.4330516484672,388.4660859011927,339.3530958608458,0.4866949348522094,421.86304150405255,0.9566322824349848,0.8735720006898136
RR,6,D2,96599.55326219999,1178.7883596073702,367.57627317919037,336.3439949674348,0.4033816120200262,377.16548386855334,0.9882462109495824,0.9150318437541531
RR,6,D3,66304.48209827999,992.6649153196907,361.59757632929865,234.89266696669952,0.7602788035441236,355.2133902734665,0.9866156787762906,0.649596906459318
RR,6,D4,87574.52457714,1128.7957312374965,384.2233142500555,292.66957670882954,0.6479094313621488,385.47107716717215,0.9885665529010239,0.7617173811539139
RR,6,D5,83281.21109881999,1090.3055312374966,351.8185529385568,301.94090295861145,0.5132668850681141,356.45604881513793,0.9863038223972787,0.8582290514148746
RR,6,D6,92638.82040543998,1161.511012666723,395.76207213236444,299.76315067363714,0.652913198222442,407.50895850925775,0.9877498388136686,0.7574327399755982
RR,6,D7,85851.15226542,1126.9089100137553,355.6533778398738,309.477698391363,0.49275759759608967,360.829259747945,0.9815070860698237,0.8701666219818652
RR,6,D8,108988.18141530998,1285.8156728722083,459.8566329249916,302.64917088973294,0.7528972311590656,482.89167275539137,0.9856449518080524,0.6581381004872856
RR,6,D9,96403.02834945999,1188.3369206256261,394.95473873603555,311.87482787452154,0.6135614086724096,410.4935996743067,0.9813033777025467,0.7896470083448227
RR,6,D10,112094.78676669998,1305.6943418493672,438.33122693322974,329.81503849419676,0.6586683813808526,440.4546781183508,0.980366232564289,0.752433361414237
RR,6,D11,95926.83336858999,1168.8964338904643,394.87258131528665,309.823570240998,0.6199813210649913,399.3305014490253,0.9899375975039002,0.7846165697527092
RR,6,D12,121029.11164587998,1307.2574357306612,397.18989989548743,390.4772588896594,0.18307113901282468,410.4935996743067,0.9893110905159098,0.9830996684266284
RR,6,E1,103855.85773259998,1220.108791442982,412.5625633503547,320.67218836660106,0.6291681293262428,420.8494959978923,0.9899135446685879,0.7772692358765502
RR,6,E2,93576.09306619999,1192.7776551142056,423.7737916821966,283.0701755791314,0.7441839738132232,413.7125592673735,0.9844147582697201,0.6679747099400993
RR,6,E3,88428.65208250999,1164.7320179726585,413.62869321149805,276.4312467388218,0.7438849362161575,421.10984213847337,0.9754043688510922,0.6683077148070965
RR,6,E4,94800.59444557999,1200.6683047078202,418.8392685996707,291.76276609128206,0.7174612626274243,419.2840243753869,0.9786204744069913,0.6965984041246879
RR,6,E5,89018.22682073,1135.2377418493672,383.39873674927685,296.79775157386194,0.633035304566089,394.64666899196044,0.9889159459232513,0.7741229251048692
RR,6,E6,94581.39358136998,1184.2869596073704,398.30816694812364,304.1459481643994,0.6456960221361516,415.72652483796367,0.9829536527886882,0.7635945566840759
RR,6,E7,95102.94046517999,1222.5482498082702,389.46506699036144,317.38170979295137,0.5795776555858191,409.7563951110098,0.9645814167433303,0.8149170148828931
RR,6,E8,98421.18803028998,1209.1115914429818,396.75235034225045,323.82805211074873,0.577773800106245,411.55101771216647,0.9780665514910238,0.8161969345144521
RR,6,E9,104778.01309237999,1275.4855649133053,396.65623068762295,352.5430682543072,0.4583196706022484,420.2024219901641,0.970796274248897,0.8887874208937965
RR,6,E10,91799.81020104999,1184.2869596073701,412.52125264228255,287.1815030492529,0.7178849945741322,425.95521638073643,0.9834804437606284,0.6961617158141477
RR,6,E11,103394.78005270999,1242.7702834840788,430.02232441937963,311.3357782919527,0.6898009096896098,434.6416359445675,0.9811361354181609,0.7239991056564827
RR,6,E12,100046.29788563999,1194.502612666723,395.6654246004374,323.4634861969337,0.5759034790469904,407.2399174946999,0.9887204003884366,0.817517695723813
RR,6,F1,106584.53055948998,1260.9910410365965,442.1886649361718,309.8739641778189,0.7133841371132567,445.2253464261104,0.986428821266177,0.7007731964874043
RR,6,F2,85518.57164385999,1136.1811524612378,400.8791752389919,273.01569911678666,0.7322440204318557,398.3355257644992,0.985711796480223,0.6810423588454628
RR,6,F3,75775.47116224999,1049.1469630731085,351.88453788916206,276.5653948397117,0.6182837653762656,355.00053467532973,0.988171513060621,0.7859549512994666
RR,6,F4,93288.86434757999,1179.0646781781436,410.02304649690427,293.966016871513,0.6971246083609199,418.8421172976877,0.986097794822627,0.7169499845997863
RR,6,F5,92903.37317258999,1176.5107649133051,393.28730495114803,303.63036008504264,0.6355837374302741,410.5672473267808,0.9804562858966177,0.7720319376257464
RR,6,F6,96168.71018426999,1208.444499401885,425.9944784834433,291.5828758381797,0.7290356600827331,419.5723655248281,0.9785417628057222,0.6844757163900949
RR,6,F7,86743.07302323998,1115.5209365434318,360.14829452949755,307.7237274190733,0.5195563885100741,372.78115464525564,0.9877775865037012,0.8544361644724366
RR,6,F8,98564.80238959998,1190.3381967489172,388.8637942200658,323.4702747365988,0.5550239252009852,392.14888017059286,0.9868321477221129,0.8318343840299529
RR,6,F9,115254.30267151998,1347.243683484079,491.40237358991146,301.5565337491237,0.7895663541494772,476.525946849256,0.9768097373478539,0.6136651956849943
RR,6,F10,100688.78317728998,1286.4827649133056,447.31803617568175,296.6795399372955,0.7484061309151623,460.44003838015647,0.9761834969954566,0.6632407279477015
RR,6,F11,103273.84164486999,1209.664228584529,390.10675747007315,337.76466348754667,0.5003448189028031,392.7748165309227,0.9902159733294681,0.8658262309477122
RR,6,F12,109320.76203686999,1250.27015960737,408.82634573730905,341.6443670213947,0.5492301815324969,418.8421172976877,0.9898706454041476,0.8356711121570378
RR,6,G1,107612.50702612998,1245.7149702192405,413.6721445372885,333.20395290511675,0.5926252115632227,423.87394605861306,0.9879258899451807,0.8054783414963095
RR,6,G2,106682.79301585998,1258.598991442982,417.9800619436608,327.3667929987327,0.6217553697760193,429.67433972515744,0.9838968281631231,0.7832115041000646
RR,6,G3,103447.69060613998,1227.608667566273,415.8920351767917,317.43663228920406,0.6460832844884745,425.95521638073643,0.9856679870363702,0.7632669189114545
RR,6,G4,86062.79447914,1107.744741849367,364.80563085270205,301.95906749993173,0.561132641924163,374.7528867189684,0.9866551126516464,0.8277258955519085
RR,6,G5,80250.19225232999,1066.033536543432,338.65490123011847,303.025047197636,0.4464870740256047,346.4554369341027,0.9876279069767442,0.8947900830519157
RR,6,G6,98307.80827293999,1199.1722569544024,399.06454197919146,314.9419499975945,0.6141355841196138,400.0207880514462,0.9860500379075057,0.7892005349200296
RR,6,G7,103069.75808163999,1244.218922465823,442.1466162478468,297.6620102110907,0.7394421092875527,439.2775755251001,0.9889759210908036,0.673220147509249
RR,6,G8,95027.35396027999,1161.1202391963996,358.38620347684827,339.2195218956078,0.32264667915772827,373.43955540421797,0.9887534408179316,0.9465194770465583
RR,6,G9,79585.03100920998,1064.1467153196907,343.0772003843755,296.03415453177007,0.50541034353708,352.78993603607796,0.9881745659314876,0.8628791251651245
RR,6,G10,75654.53275440999,1039.4839471553025,327.45870892553256,297.6680793642634,0.41674207555738985,344.35462663817947,0.9869835321960359,0.9090247754930109
RR,6,G11,92087.03891966998,1204.6373338904643,443.8852953187513,266.6798994016973,0.7994101868258464,445.70893212743675,0.9831342801807618,0.600785613342285
RR,6,G12,106002.51447175999,1227.3323489954994,397.88354325524887,340.99904031041893,0.5152627201534953,407.2399174946999,0.9863553242368829,0.8570322801505325
RR,6,H1,125534.06733791999,1404.5408012420817,501.4733816742473,323.42697914080816,0.7642218716293158,507.57171247141025,0.9848197343453511,0.6449534331433437
RR,6,H2,104830.92364580999,1235.7756357306612,395.2804049623389,340.46865195392564,0.5080382568813562,401.09639368755234,0.988595053104284,0.8613345050240081
RR,6,H3,106962.46308398999,1238.2150940959496,409.00062384625744,333.29878409039003,0.5795872241071567,412.6240447274613,0.989234533379937,0.8149102095640725
RR,6,H4,102774.97071252999,1213.6667808311113,381.5190410162763,348.56385556055875,0.40656664826656813,388.22608203287933,0.9893044237485448,0.9136211252577783
RR,6,H5,112034.31756277998,1288.3695861370466,429.61482903452554,334.60951526938175,0.6271986556186135,440.1628441380303,0.9850468531933275,0.7788593238770425
RR,6,H6,111044.13434858999,1292.372138383629,466.7854329007539,303.4865623236326,0.7597948584244483,468.91485661482295,0.9857746762396833,0.6501628819855626
RR,6,H7,106682.79301585998,1259.5424020548523,400.4254217793281,348.02667392066127,0.4945620833522377,412.6240447274613,0.9815020862308762,0.8691423046373329
RR,6,H8,109471.93504666998,1254.2727118539524,411.27771775939294,341.13473239485614,0.5585794173659617,414.4153686620345,0.9886681684756639,0.8294510440617352
RR,6,H9,111527.88797994998,1278.0394781781436,435.99022620923523,327.84945714220066,0.6592028585556586,452.9675126883273,0.984585613239023,0.7519651529639177
RR,6,H10,113863.51098135998,1346.0239543014347,447.08204053034154,336.88617962190517,0.6574226242980733,444.94513553255075,0.9715575620767495,0.753522058775345
RR,6,H11,109638.22535744998,1312.2033985891142,474.7275936294449,296.9235438401961,0.7802555180475295,481.99863221864024,0.9844577168453916,0.6254608913084665
RR,6,H12,111784.88209660999,1255.9306232785937,390.0539140609709,366.9502322262972,0.3390510443596754,405.92928039499685,0.9865252484824227,0.9407679784721702
TR,1,A1,,,,,,,,
TR,1,A2,,,,,,,,
TR,1,A3,117355.60750773999,1305.4180232785936,435.3067023927986,345.8114232633768,0.6073836082793073,455.9612721793924,0.9874705844940533,0.7944086809656659
TR,1,A4,126380.63619279998,1348.0252304247258,431.8343654405116,373.87393854849853,0.5004232821500857,441.09774683519976,0.9868382222746858,0.865780883758781
TR,1,A5,113205.90838872998,1280.9367561416318,391.9126670391081,371.07598211508457,0.3217244375703164,414.816439410072,0.9846163960291894,0.9468333466191735
TR,1,A6,104581.48817963999,1213.5523259315614,380.8937440530495,350.2864943554926,0.392753927102971,390.74894740485223,0.989770369840475,0.9196436009374468
TR,1,A7,125806.17875555999,1327.25055960737,414.57197161992883,388.10241479705525,0.35159533194026205,423.9006936757358,0.9915405695222209,0.9361520830280818
TR,1,A8,109381.23124078999,1247.9925649133054,377.0043649318487,372.4201975066379,0.15547043669042812,388.5180179673781,0.9877141492048325,0.9878405454906617
TR,1,A9,117733.54003223998,1335.7412551142054,397.4865344710301,384.2941060964814,0.2554950012123358,433.1434679321506,0.9722239560576743,0.9668103766279655
TR,1,A10,110666.20182408998,1259.933175525176,391.1243803786288,361.9384226512186,0.37904230523586774,403.0608824750548,0.9861251431265575,0.925379344291561
TR,1,A11,115503.73813768999,1320.0270020548526,426.0725188828864,350.85163796537597,0.5673812718450479,453.16771195972245,0.9781091979773411,0.8234552157582681
TR,1,A12,140447.28475469,1413.293929611955,432.5189121971795,416.5047275350478,0.26959212709637653,452.3998003069077,0.9886139930832668,0.9629746024728022
TR,1,B1,118534.75698417999,1310.6403047078202,415.0566382964095,365.7667131822328,0.47265919548003243,435.5450049622082,0.987966987966988,0.8812453034928291
TR,1,B2,120673.85507284998,1363.9683932831788,442.1746973877841,355.0094460541729,0.5961521738663045,475.6289,0.9815554872425454,0.8028714626853289
TR,1,B3,89706.06401532,1149.961175525176,380.4653459996999,303.42442384417404,0.6033074439382484,396.7479003778722,0.9850597609561753,0.7975087009485835
TR,1,B4,112880.88641765999,1264.764683484079,407.2715716207506,353.64934995054927,0.49597303781692476,419.02254382337236,0.9882212811011117,0.8683379214100068
TR,1,B5,118821.98570279998,1321.5900959361466,403.52772011104247,381.6216092663661,0.3250015249661312,422.22123561783343,0.9849624060150376,0.9457134919042284
TR,1,B6,107839.26654082998,1247.4399277717582,409.42608593836025,338.0586406629998,0.5641254946154596,418.8421172976877,0.9880193905817175,0.8256890615267125
TR,1,B7,106297.30184086999,1223.6061153196906,379.0934880031392,357.9714480931815,0.3291353133630939,386.489393105917,0.9900732188116024,0.9442827677647081
TR,1,B8,106440.91620017999,1245.4386516484672,402.294657216738,338.8954696971102,0.5388431845230898,425.3692224757451,0.9843422340276807,0.8424060912012776
TR,1,B9,114883.92879750999,1297.756283484079,408.06049842552426,361.108762066383,0.4657064286457651,419.93251354437893,0.9841999611474455,0.8849392760624918
TR,1,B10,110378.97310546998,1257.3792622603376,380.32232168831155,371.09655086031444,0.21892258365000475,391.1839454400576,0.9878906778514409,0.9757422315181438
TR,1,B11,115654.91114748998,1276.1526569544023,397.4194349877766,372.42923277484266,0.3490104774398943,411.3397515663299,0.9885644140069777,0.9371188220482912
TR,1,B12,121671.59693752998,1319.4743649133054,438.76511548483455,353.7471074607501,0.5915975352482703,448.4983911229559,0.9886377594890062,0.8062334378380566
TR,1,C1,114022.24264164998,1279.2592073607877,415.3615053548789,351.36699701839774,0.5332930361821075,431.42991124428306,0.9897644511514992,0.8459305749053342
TR,1,C2,108081.14335650999,1241.9413277717583,377.9695532358836,365.9178396465632,0.250507759644213,392.61120646584965,0.9870228480706841,0.9681145915427766
TR,1,C3,98186.86986509999,1194.3407489954996,378.6053846372939,333.35683735604005,0.47407167625395474,386.1959236821124,0.9874572405929305,0.8804862553008795
TR,1,C4,97854.28924353998,1199.8393489954994,366.2875021428844,344.38008142272537,0.34064873200027057,391.54124845050484,0.9839629094778445,0.9401906409801194
TR,1,C5,118859.77895524999,1400.9625455297612,547.9954789046744,279.47393033030414,0.8601784732429174,537.5145173200068,0.9799950143337903,0.5099931314924581
TR,1,C6,105223.97347128998,1247.3254728722084,436.9565910975431,308.40510339746413,0.7084085492617846,441.41464897669624,0.9874450276634984,0.7058026121606619
TR,1,C7,93765.05932844999,1156.1742763379468,375.6981819433185,319.19230003976946,0.5274313215585634,390.74894740485223,0.9881312729010674,0.8495976700997875
TR,1,C8,114687.40388476998,1284.4814887900143,393.86906761781006,374.14368492692614,0.3124964294886958,409.7287241369587,0.9821347660042721,0.9499189342027122
TR,1,C9,97226.92125286999,1189.118467566273,384.31721571885646,323.14638289157205,0.5412954876360913,396.40482468886523,0.9878657553183319,0.8408324417295078
TR,1,C10,115911.90526414999,1290.2089985891141,396.69909252879467,375.2880003666912,0.32408820324172727,417.4954853640935,0.9883346223253415,0.9460268688148076
TR,1,C11,99940.47677877998,1199.2196657260758,382.70071763503114,334.9008255696423,0.4839448397253554,399.5954098851111,0.987748393844315,0.8750985042286383
TR,1,C12,120069.16303364998,1340.0201259315613,453.90325369016665,341.5295268652716,0.6586744820680995,466.3205077484905,0.9863396460726482,0.752428020924474
TR,1,D1,110983.66514466998,1261.7725879772436,399.8871982003652,355.66681802920687,0.4570950246661043,419.9235136083832,0.9853701093886317,0.8894178649124909
TR,1,D2,100794.60428414999,1194.8933861370465,379.84368058955204,338.9748022008039,0.45123322690389767,385.7063117764344,0.9898307600950119,0.8924060594470969
TR,1,D3,96365.23509700998,1170.621391442982,378.6149902943462,325.19621534705556,0.512126496316211,382.24169575243883,0.9877585806151701,0.8589100370649315
TR,1,D4,98867.14840919999,1180.5607259315614,377.5324526260453,334.403913277644,0.4641396540631592,393.87980566062276,0.989409984871407,0.8857620343670929
TR,1,D5,104725.10253894998,1240.4926887900144,401.33852524601065,338.6623586562732,0.5366071830502545,408.32427371933204,0.9847192608386638,0.8438321699833863
TR,1,D6,106093.21827763999,1225.1021630731084,395.9544608979418,343.309154420009,0.49823502560922733,400.9550314833448,0.9890078917700112,0.8670420170073492
TR,1,D7,105828.66551048998,1232.1638569544023,376.8756205502533,359.30881683373286,0.30174608633820804,389.09151965085283,0.9843914785910145,0.9533883255943375
TR,1,D8,104135.52780072998,1241.2742357306613,397.66595956504693,337.82207414945583,0.5275690143347365,404.5303240901725,0.9746727980191016,0.8495121747884928
TR,1,D9,105526.31949088999,1243.5992391963996,402.06705331086965,337.5518193414688,0.5432961699983856,417.4954853640935,0.9869918699186991,0.8395411077875136
TR,1,D10,109464.37639617999,1340.5253543014346,499.2530028564064,284.931412532864,0.8211478864872376,509.8080002301356,0.9704483012799036,0.5707154707185909
TR,1,D11,109917.89542557999,1258.3226728722084,410.4795769247409,342.94851988266447,0.549516991538555,420.2204097225407,0.9839637323228906,0.8354825408172308
TR,1,D12,128648.23133979998,1361.023706548017,409.85945002903117,402.41492531458755,0.18972952152633807,429.19029863371793,0.9866094719146716,0.9818363960769568
TR,1,E1,116357.86564305998,1307.7626641005347,410.1258851719469,366.081878157275,0.45083250578873985,432.0951582157453,0.9807594291539246,0.8926085657914369
TR,1,E2,92003.89376427999,1150.513812666723,352.94159247104466,334.17105391714017,0.3217729237583793,365.57420493477105,0.9878266515176107,0.9468168701158552
TR,1,E3,100031.18058465999,1204.6708569544023,385.21724834678326,334.4767953506952,0.4960727823537387,404.9691836196058,0.9802236871342863,0.8682809422115749
TR,1,E4,105201.29751981999,1243.8281489954995,421.2049171066679,320.6747054482753,0.6483680223054965,425.29813804635916,0.9853451327433629,0.7613270700898921
TR,1,E5,101255.68196403999,1203.4985365434318,370.55597964162905,350.2744709001655,0.3262968385260524,385.0001767647646,0.9881971082915314,0.9452673553910043
TR,1,E6,104075.05859680999,1266.3751861370465,436.9057632021332,306.2336347634117,0.7132451910923638,433.134742501453,0.9809774864633799,0.7009146149022842
TR,1,E7,97143.77609747999,1189.004012666723,362.4703005774554,344.2406874062903,0.313139043388635,374.8436393466081,0.9823434991974318,0.9497072914880934
TR,1,E8,102555.76984831998,1215.277283484079,410.09869929715063,318.8354634704078,0.6289319997964051,421.5314409613119,0.9897147859070683,0.7774603138630902
TR,1,E9,97249.59720433998,1190.2237418493671,363.73775857140294,347.0240233341421,0.2996473260753344,386.1665644734277,0.9829627931851173,0.9540500406036899
TR,1,E10,108957.94681334999,1274.5421543014347,424.9667752917922,328.33694659962174,0.6348712841959203,430.623237263353,0.9779511533242876,0.7726179214226284
TR,1,E11,86576.78271245999,1106.9157861370466,355.2512339258203,311.2517579040538,0.48204680515801385,359.1915995869196,0.9875840662183135,0.8761454660254494
TR,1,E12,119434.23639248998,1312.6415808311112,429.3340068717307,358.64415346298995,0.5497184854199132,448.4394009076923,0.988736624741881,0.8353499786243108
TR,1,F1,121837.88724830998,1326.1926940959495,408.4135980620882,382.6477195898626,0.34956452923885734,419.41920897089346,0.985509904622157,0.9369122903975676
TR,1,F2,107831.70789033998,1305.9232516484672,484.02743460036174,285.01131999832563,0.8082547331639033,504.82418713928513,0.9834551220184751,0.5888329867782098
TR,1,F3,105465.85028696999,1340.6398092009847,492.66589498019874,285.5750471799151,0.8148637369832326,481.9123740943471,0.9396592363122096,0.5796525598578178
TR,1,F4,107030.49093839999,1277.4868410365966,419.00985611267413,334.3480491522996,0.6027263840964576,449.7606078942219,0.9825145711906744,0.7979479343378298
TR,1,F5,111641.26773729999,1255.6068959361464,395.2412028045052,361.5184177745421,0.4041834067821559,413.9408749541533,0.9894821464460374,0.9146779617340577
TR,1,F6,111270.89386328998,1267.4330516484672,410.50874673337853,346.05844891691925,0.5379151827083531,415.71743384582754,0.9880528894556682,0.8429989657240626
TR,1,F7,105465.85028696999,1212.7233702192407,383.9948906378066,350.0597009952373,0.41102087011358157,392.10068983183385,0.9899255054984036,0.9116259344331283
TR,1,F8,101724.31829441998,1215.6680569544023,391.45036750922833,333.37027149482543,0.5241459486518858,392.3126830442523,0.9821207034955849,0.8516284544986826
TR,1,F9,103765.15392671998,1249.603067566273,428.9309849551319,310.3137237455969,0.6903679776886672,446.0395044693799,0.9838039271893364,0.7234583992062431
TR,1,F10,114067.59454458999,1275.4855649133053,404.6512934183949,360.5987929413438,0.45373893047817626,413.5389550408159,0.9885366173195336,0.8911346604012891
TR,1,F11,102540.65254733998,1219.1653808311112,389.7100575639613,337.1562640620491,0.5015193505588937,401.030430859966,0.983756345177665,0.8651464274994063
TR,1,F12,121800.09399585998,1330.1952463425318,408.4587173373024,381.3091480648466,0.35849494166086676,418.21904827327023,0.9879222610508246,0.9335316688809072
TR,1,G1,124271.77270608998,1339.5345349178906,419.0884326062574,382.52673306549565,0.4084985095153797,442.67145147756025,0.980030996661898,0.9127589866573286
TR,1,G2,117771.33328468999,1313.8613100137554,414.16769233265313,364.9422145828729,0.4728442531431019,427.2309586541218,0.9809859598312661,0.8811460221039088
TR,1,G3,106055.42502518998,1239.5492781781436,391.80126523782826,346.6838944210488,0.4658830862329426,403.6324474834252,0.9890737346679825,0.8848462860644603
TR,1,G4,104044.82399484998,1241.8268728722085,392.48585242020084,343.89949829244375,0.4819319499135957,413.1274961367253,0.9825124910778016,0.8762086484693469
TR,1,G5,108254.99231777998,1236.3282728722083,376.7497422974715,367.0085020350812,0.22592800115894135,391.6184602927957,0.9883375888482506,0.9741440028519014
TR,1,G6,111731.97154317999,1271.483012666723,419.0098101962375,340.7050202796977,0.5820968852601932,430.9039907994007,0.9881676582659269,0.8131194353662822
TR,1,G7,118564.99158613998,1445.9421649133055,511.23582971310475,307.776534266137,0.7984775565837744,552.9101365213428,0.9514162673621641,0.6020245772657503
TR,1,G8,102117.36811989998,1194.1118391963996,380.0592656909498,343.8557678629065,0.425958941413721,386.1665644734277,0.9902514109799897,0.9047424938786186
TR,1,G9,96357.67644651998,1168.8964338904643,372.75091710839337,330.02683154143944,0.46486480685413084,379.94092574770093,0.9876045863030679,0.8853816755210555
TR,1,G10,110220.24144517999,1248.6596569544024,398.883407877029,353.08365358248096,0.46524853174553255,401.90591059512917,0.9882751609623857,0.8851800967648482
TR,1,G11,93946.46694020998,1175.176580831111,393.67420554709014,307.1558193863765,0.6254946436321477,397.4331632985979,0.9858808598397716,0.780228460636686
TR,1,G12,125413.12893007998,1332.86361450692,429.1476486616924,374.2915366887603,0.48919530333242184,437.0781766277744,0.9908629441624366,0.8721742688233239
TR,1,H1,130318.69309808998,1361.9671171598877,429.1941204625139,388.5444314921245,0.4247976308710585,443.73736068140573,0.9870048087932219,0.9052883368332633
TR,1,H2,138414.00777287997,1410.167741849367,424.1125816225845,419.9241296616548,0.1401929845044427,451.29573170267184,0.9886621315192744,0.9901241978134546
TR,1,H3,132707.22665292997,1368.8473100137553,427.2176638809442,397.0564786573124,0.36907177974911237,433.8409338127167,0.9902983811833719,0.9294008937981623
TR,1,H4,116040.40232247999,1306.2469789909144,410.5652005395277,364.74519420044646,0.45907457408468405,422.53440637869954,0.9792065314453374,0.888397734930119
TR,1,H5,138497.15292827,1421.7846251187907,426.31199888025344,417.4440736193921,0.2029046086600137,438.0024064850443,0.9873369975212847,0.9791985088757676
TR,1,H6,130341.36904955999,1361.7382073607878,422.2292468081226,394.8121217214416,0.35447422963107694,435.19777725527274,0.9888181661792534,0.9350657840641238
TR,1,H7,123553.70090953998,1338.36221450692,414.9354564086331,383.05882306241836,0.38437538269665744,430.33351833781194,0.986184012066365,0.9231768872631064
TR,1,H8,129177.33687409999,1367.7420357306612,426.2223616914492,389.91241510106227,0.4038848064769951,434.7894303624456,0.9845037156518233,0.9148098507870583
TR,1,H9,117763.77463419999,1302.4733365434317,410.0887466511688,368.02912197925747,0.4411411173097314,430.5530202742166,0.9896461919583307,0.8974377497178965
TR,1,H10,118610.34348907998,1312.2033985891142,432.9446695729774,351.0392927882038,0.5852984831292319,451.5301536628201,0.9889084950844467,0.8108179115230623
TR,1,H11,121535.54122870998,1313.584991442982,441.7420866566172,351.5641923877622,0.6054826632471734,447.60427822792303,0.9895378177118592,0.7958584952785953
TR,1,H12,132820.60641028,1398.0652675662732,488.27462854131613,349.657147164025,0.6979899563766063,501.68510443904944,0.9888576252110298,0.7161075483454864
TR,2,A1,,,,,,,,
TR,2,A2,,,,,,,,
TR,2,A3,,,,,,,,
TR,2,A4,,,,,,,,
TR,2,A5,101565.58663412998,1231.3823100137554,400.94774799987425,330.20533338830546,0.5672262468427807,411.81724228610193,0.9719349005424954,0.8235620103505583
TR,2,A6,115004.86720534998,1273.6461524612378,411.34337134901614,358.86081480512775,0.488771557223791,427.09824663087767,0.98972224029142,0.8724118092099798
TR,2,A7,105692.60980166998,1254.434575525176,445.20508652425923,303.0924463657494,0.7324759893472353,454.06751636263294,0.9891065997029073,0.68079286499624
TR,2,A8,106637.44111291999,1241.4360994018848,383.0303833432809,360.0575470586045,0.34110979260266444,393.76464734834946,0.9885782355826501,0.9400234621489868
TR,2,A9,114332.14731173999,1361.4144800183406,477.1202177603246,310.31802558024737,0.7595936205256085,515.2645907310631,0.9778898370830101,0.6503979794378192
TR,2,A10,109691.13591087998,1267.2711879772435,402.55807892593884,352.3993246650466,0.4833993345691375,422.65960971053283,0.9813362185555856,0.8753999562132244
TR,2,A11,79517.00315479998,1070.0834975616879,333.1711089587095,309.38083980831266,0.37109616467090745,353.0469467083662,0.9839132061354283,0.9285944413825352
TR,2,A12,112502.95389315998,1281.927575525176,401.66140004365246,362.92554415714426,0.42845964083598037,404.78249304006465,0.9891672758689439,0.9035609200129799
TR,2,B1,,,,,,,,
TR,2,B2,,,,,,,,
TR,2,B3,,,,,,,,
TR,2,B4,101520.23473118998,1218.4982887900142,370.3702224339399,352.0714094601523,0.31043935991159954,379.4133611011215,0.9798643029109214,0.9505931852362904
TR,2,B5,104233.79025709999,1216.4970126667233,375.7540745927533,354.3661607184839,0.3325658929955173,384.4009084653807,0.9898076370944588,0.9430800214277122
TR,2,B6,106138.57018057999,1235.222998589114,394.2154171172621,347.04135086448724,0.47435380363080637,400.30412237197856,0.9874824191279887,0.8803342938798798
TR,2,B7,114694.96253525998,1282.8709861370464,407.5108327316788,359.9659143293142,0.46875456300883594,418.63453066026455,0.9858367983367984,0.8833284551390808
TR,2,B8,116244.48588570999,1365.74075960737,516.0151404358052,288.59550012392054,0.8289807112225133,513.5233181610354,0.9776238001398513,0.5592771946191049
TR,2,B9,107733.44543396999,1257.6555808311111,394.6563173397403,354.5028784201762,0.4394701393235495,420.71477098425004,0.9855483335638224,0.8982571996054025
TR,2,B10,,,,,,,,
TR,2,B11,94604.06953283999,1170.8977100137554,369.8911545880346,327.41323944125696,0.46528478542332713,380.60680057094356,0.986366143904169,0.8851610409713978
TR,2,B12,123833.37097766998,1346.8055012420818,429.7694863212972,369.76653838791026,0.5096473082992005,456.6900951088933,0.9883566602316602,0.8603834151954461
TR,2,C1,,,,,,,,
TR,2,C2,,,,,,,,
TR,2,C3,,,,,,,,
TR,2,C4,,,,,,,,
TR,2,C5,100409.11310915998,1207.5010887900141,377.9643266046688,341.1174283835099,0.43066421880170885,387.4952799504144,0.9820359281437125,0.9025122329608136
TR,2,C6,109577.75615352999,1283.14730470782,404.26402470447215,349.07450900915046,0.5043804994408778,424.36405116862807,0.9745882352941176,0.8634815063357006
TR,2,C7,,,,,,,,
TR,2,C8,104392.52191738998,1239.5492781781436,401.96892857956425,334.21279972948594,0.5556154651289197,416.8160043864078,0.9878406408697518,0.8314393873936778
TR,2,C9,126282.37373642999,1426.7305879772437,513.8107588512895,316.60832037823,0.7875925618082842,527.6149532530422,0.9746237311865593,0.6161963620342658
TR,2,C10,106781.05547222999,1304.1982940959497,418.1932072741649,334.26140881266184,0.6009335422819752,451.3627218290961,0.968664289632474,0.7992989914671715
TR,2,C11,133841.02422643,1591.2504057352464,603.0307155617371,296.62923754731617,0.8706531764584786,616.5117516233165,0.9288187159043223,0.4918973941003969
TR,2,C12,122555.95904485998,1339.7438073607877,406.58726726533274,388.2633544812225,0.2968233710157457,437.17328102212514,0.9854737737798578,0.9549323988737888
TR,2,D1,,,,,,,,
TR,2,D2,,,,,,,,
TR,2,D3,113266.37759264998,1289.1511330776934,419.2256516189815,347.6822169494153,0.5587385564317913,423.2314961247804,0.9865692277305945,0.8293438524258306
TR,2,D4,100560.28611895998,1185.506688790014,383.5646843261764,334.3320313638385,0.4901386935344571,388.5180179673781,0.988924403478778,0.8716444579645624
TR,2,D5,102533.09389684998,1281.3275296119552,457.086433138969,293.92121176671236,0.7658392932472269,456.433483440227,0.9800592442742576,0.6430320185796257
TR,2,D6,115586.88329307998,1325.7545118539524,438.3127936436611,344.95648997879607,0.6169404198444496,454.76613336625013,0.9836613919979416,0.7870098591263989
TR,2,D7,113349.52274803998,1270.148828584529,400.2356064157246,362.48197917593205,0.4239801256435795,417.4954853640935,0.987228439763002,0.9056714929041625
TR,2,D8,99003.20411801999,1203.8893100137554,364.1761565834584,353.81013131262097,0.2368932567404596,379.0845065626924,0.9865923470924978,0.97153568380729
TR,2,D9,99388.69529300998,1233.221722465823,371.8511082538176,349.3542219483338,0.3425481216789786,392.87102591792126,0.9692613887660327,0.9395002843715397
TR,2,D10,122503.04849142999,1562.8614038950498,573.1668264764485,291.487024762664,0.8610293325445243,620.9097907445573,0.9422126620545317,0.5085552954182376
TR,2,D11,126085.84882368999,1480.2679489954994,521.9502333090766,316.2791251504371,0.7954977979709783,525.8355195065183,0.9501594896331739,0.6059564781593845
TR,2,D12,116471.24540040999,1326.697922465823,407.2425418048432,370.7374046256135,0.41381673920920053,445.1913908627277,0.9790329754113984,0.9103602069237563
TR,2,E1,,,,,,,,
TR,2,E2,,,,,,,,
TR,2,E3,100756.81103169998,1243.3229206256262,432.1715625004832,300.343332890003,0.7190453030662595,447.58739100533205,0.9793549335096613,0.6949632020030637
TR,2,E4,91497.46418144999,1152.6295436895641,360.0958531432222,327.60611587729375,0.4151022749448083,379.68221204749636,0.9878407050758936,0.9097747530766309
TR,2,E5,93833.08718285999,1167.0096126667231,359.60909503577983,336.2569365945499,0.354483206711839,371.83710783497656,0.9864123957091776,0.9350623808919337
TR,2,E6,94520.92437744999,1199.0578020548526,388.42405611863165,316.6472625899754,0.5791651641378848,410.8893005964502,0.978328900015647,0.8152102260454889
TR,2,E7,119872.63812090998,1545.974830424726,579.2877790960722,276.5312920392857,0.8787054948735585,619.4289436032029,0.948334628954135,0.47736427733861136
TR,2,E8,110930.75459123998,1264.3739100137554,411.5658469880776,345.69293713671937,0.5426705523908091,414.7799944583754,0.989615643964936,0.8399456360788204
TR,2,E9,107831.70789033998,1273.6461524612378,400.21387356457126,349.9921322852924,0.4850025388043377,422.0869484469995,0.9796058504429033,0.8745127428193067
TR,2,E10,94762.80119312998,1232.8309489954995,395.3113527070724,326.05243640588725,0.5654259392166308,413.9408749541533,0.9610578765810656,0.8247990708414935
TR,2,E11,96697.81571856998,1185.6211436895642,386.1431187811723,323.5065158559194,0.5459938988351619,397.6613218572935,0.9841526271251635,0.8377891515380101
TR,2,E12,111490.09472749998,1291.1524092009845,383.72004455916186,382.3459358681537,0.08455302414104747,410.97207350262863,0.9761101184567533,0.9964189812065022
TR,2,F1,,,,,,,,
TR,2,F2,,,,,,,,
TR,2,F3,103659.33281985999,1231.220446342532,385.3269559695579,344.83401273467206,0.4462411206397468,394.2154919259262,0.9847766767198047,0.8949127679557282
TR,2,F4,88889.72976239999,1130.7970073607878,377.725085468607,300.25871779971,0.6067229566119696,380.88473171626345,0.9887338153690937,0.7949133625245144
TR,2,F5,96985.04443718998,1171.8411206256262,383.02289756620235,323.98961138760274,0.5333806929303895,393.4862089542148,0.9874557488071417,0.8458753078374481
TR,2,F6,109570.19750303998,1270.2632834840788,418.0098284156805,338.1886396149394,0.5877471057264303,420.65188454457206,0.9832462863731941,0.8090447081034547
TR,2,F7,104120.41049974998,1308.4771649133054,446.8842389540617,307.9517420822841,0.7246581473354349,484.6026331684651,0.9563979726445879,0.689108532453615
TR,2,F8,107347.95425897998,1308.4771649133056,473.3543434683835,295.061705384172,0.7819492228855336,491.7866811215306,0.9763508868417434,0.6233421314404394
TR,2,F9,83764.96473017999,1119.0182604201407,371.4169475803581,289.9820380039389,0.6248493968880227,382.1922562261695,0.980534418686958,0.7807453049546148
TR,2,F10,97242.03855384998,1179.0646781781436,387.20779174143604,321.3832158158258,0.5577605134539291,396.60498824006237,0.987791769041769,0.8300019335107658
TR,2,F11,99411.37124447999,1217.9456516484672,418.15582447904114,307.4907437599878,0.6776878899042932,421.68383034834284,0.9872391532802882,0.7353496609620941
TR,2,F12,100635.87262385999,1203.1077630731083,368.5556456711302,351.56673327306834,0.3001116633951316,389.0526648954483,0.987026466009341,0.953904077721763
TR,2,G1,,,,,,,,
TR,2,G2,,,,,,,,
TR,2,G3,109759.16376528998,1258.3226728722084,389.3832564985407,361.5440763562693,0.37132133563585457,402.20671027095005,0.9870844945958807,0.9285044241691072
TR,2,G4,93893.55638677998,1155.0690020548525,352.48526139963275,340.3123013218278,0.26053154327157557,372.0911192508227,0.9874403815580286,0.9654653359704486
TR,2,G5,98731.09270037999,1231.3823100137554,401.6880164715564,316.4378499961441,0.6159692430411499,416.23530350186536,0.9614308847342853,0.7877702022971629
TR,2,G6,114490.87897202998,1279.0973436895642,411.41855501264826,356.18893382895766,0.5004627514418767,422.65066784540863,0.9887075718015665,0.8657580692198176
TR,2,G7,110741.78832898999,1285.491945529761,395.5852240119768,362.9258287041267,0.3978734549378791,425.3692224757451,0.9802622775324501,0.9174403053364265
TR,2,G8,100227.70549739999,1193.9973842968495,369.1732899941655,348.60822888028775,0.3291022612866949,383.87947321137136,0.9878566639350369,0.944294287611645
TR,2,G9,104324.49406297998,1280.5933914429818,412.1420508179442,335.73680484439456,0.5800030651726517,430.5091288402605,0.9626839645672037,0.8146142917911082
TR,2,G10,101671.40774098999,1214.1720092009848,379.3169861453778,344.6718687711948,0.4175270986613559,396.3285453164962,0.9826137774855723,0.9086644715644111
TR,2,G11,99547.42695329999,1207.2247702192408,394.7864482497507,325.14139347427675,0.5671884657083127,401.70838840010543,0.9845992822966507,0.8235880307334791
TR,2,G12,120998.87704391999,1339.4200800183407,420.5001239909532,372.9637947468889,0.4618599289889236,435.7445356040624,0.9768719106608897,0.8869528769863405
TR,2,H1,,,,,,,,
TR,2,H2,,,,,,,,
TR,2,H3,111784.88209660999,1258.598991442982,389.36496080757695,366.03530123853943,0.3409462356612176,392.3126830442523,0.9894293169197832,0.9400827965601996
TR,2,H4,124619.47062862998,1356.192198589114,442.64886561008103,361.21234269170304,0.5780172392886455,445.6919730903844,0.9840047746941212,0.8160245529915952
TR,2,H5,124891.58204626998,1418.1728463425318,498.8998369759687,325.48992033918233,0.7578615893649633,500.0779453861668,0.9565242561074447,0.6524153672049822
TR,2,H6,136547.02110184997,1421.8320338904641,437.5332530963281,403.61577098747165,0.386044357788541,457.7068461153274,0.97754329004329,0.9224802186603424
TR,2,H7,117967.85819742999,1296.374690630211,410.30939333630084,368.2712723354239,0.4409222306093707,422.22123561783343,0.9877222960572116,0.8975453116998923
TR,2,H8,111134.83815446998,1281.489393283179,405.04606876776955,354.63345578609886,0.48314823051042244,426.0971541442163,0.983741469289442,0.875538569884073
TR,2,H9,125088.10695900998,1389.5075259315613,449.7655998691526,362.6029191889973,0.5916373679404244,478.3861002221218,0.9735278545796812,0.8062042079129373
TR,2,H10,128799.40434959998,1400.733635730661,444.00199248569317,377.0190267900224,0.52817082122,461.1290010232278,0.9709954983189926,0.8491381416541072
TR,2,H11,119313.29798464998,1343.3081773653728,473.87483908760964,326.4724975412238,0.7248160361915008,463.07549535826223,0.9716237843161394,0.6889424603547389
TR,2,H12,123924.07478354998,1343.63190470782,447.8903056531515,354.65967530853715,0.6107221790863223,460.71082514923603,0.9900960202910803,0.7918449469258827
