Run,Plate,ID,first_axis_polarisation,second_axis_polarisation
RR,1,A1,0.03360164664629331,0.009468772552431963
RR,1,A2,0.00608738570360536,0.002021474022529966
RR,1,A3,0.04363163441290861,0.0034802862911812054
RR,1,A4,0.0029996770964316006,0.005707318295053393
RR,1,A5,0.026882389756674754,0.017540707321378513
RR,1,A6,0.0039019971096260174,0.0022251685189352264
RR,1,A7,0.004053750907333529,0.0034707330483068214
RR,1,A8,0.010400068055400571,0.023471697543782574
RR,1,A9,0.005297174309948324,0.004385551462020961
RR,1,A10,0.013833596438999752,0.01266889127925962
RR,1,A11,0.008025546076091352,0.003820195192991929
RR,1,A12,0.008424402450721553,0.004983998588004325
RR,1,B1,0.023680672568394078,0.04324176730106026
RR,1,B2,0.010381917107517014,0.04148482523961414
RR,1,B3,0.006316763883771633,0.01178178400622986
RR,1,B4,0.0430554177575586,0.011005586968969715
RR,1,B5,0.05347418859871319,0.02433410670884939
RR,1,B6,,
RR,1,B7,0.015509926630919763,0.03055349310982815
RR,1,B8,0.00649564811111537,0.0028634722717371702
RR,1,B9,0.002855218046499069,0.005214037321176098
RR,1,B10,0.03156731351447625,0.0006704933319803465
RR,1,B11,0.015360034959626845,0.0079245874629148
RR,1,B12,0.002990156583939674,0.007991722489566023
RR,1,C1,0.010579522063694342,0.010910277995513242
RR,1,C2,0.003983564287986496,0.031713763712267466
RR,1,C3,0.00680035726328529,0.021482239433805717
RR,1,C4,0.009043733520035995,0.016013690007614493
RR,1,C5,0.0077125161245029696,0.009469677610708615
RR,1,C6,0.015914986567651113,0.011672449627767085
RR,1,C7,0.01599684693131383,0.007268116132658456
RR,1,C8,0.014924323937159003,0.007625456991261608
RR,1,C9,0.006517089986036802,0.004712204599166194
RR,1,C10,0.008398117241390937,0.013822035601449366
RR,1,C11,0.0033005862752422863,0.006313533198203755
RR,1,C12,0.017045006428743452,0.02820112277255967
RR,1,D1,0.0025199076334635607,0.0018275292245676013
RR,1,D2,0.007089765046664733,0.021876429156880994
RR,1,D3,0.020117735335486196,0.027659802606732443
RR,1,D4,0.01810056988296271,0.002476112105089195
RR,1,D5,0.018710906839818634,0.010442810425246472
RR,1,D6,0.016524514346812895,0.01022734114717937
RR,1,D7,0.0373766472150029,0.03078850088588239
RR,1,D8,0.017253311152385598,0.0038890246446573436
RR,1,D9,0.0050851480610133015,0.008675272368527446
RR,1,D10,0.006981085540907543,0.007422235701238487
RR,1,D11,0.03300687944884677,0.013834539915297053
RR,1,D12,0.027261531585753906,0.010638847565642115
RR,1,E1,0.034729237971075924,0.0008385439263765054
RR,1,E2,0.03216956593151347,0.017332631568277704
RR,1,E3,0.012850418115981817,0.003657546172900149
RR,1,E4,0.0071091015461663,0.012593007526277233
RR,1,E5,0.03445844755558078,0.0056671294434419775
RR,1,E6,0.019145959275754337,0.017795854343713478
RR,1,E7,0.0020069689072991564,0.004499257129118996
RR,1,E8,0.004172290050060318,0.010797287885603047
RR,1,E9,0.0033799640630634412,0.022020162507361555
RR,1,E10,0.04255915025651567,0.010458680072341554
RR,1,E11,0.029034425592525125,0.01595466908972782
RR,1,E12,0.02463166561477654,0.0065339031773546325
RR,1,F1,0.030119713550632143,0.0032177589195975733
RR,1,F2,0.0172480392789748,0.003681498913340646
RR,1,F3,0.030743526076504414,0.012813759597912372
RR,1,F4,0.017422656699006285,0.03138793504750544
RR,1,F5,0.0018183288477819322,0.015334821815709474
RR,1,F6,0.005338090141404,0.002621128078088475
RR,1,F7,0.006651493191436683,0.025001633015448506
RR,1,F8,0.0327362645873766,0.010710383386485117
RR,1,F9,0.008322077849210897,0.011917906034099385
RR,1,F10,0.0007419016638365861,0.0014076072941339142
RR,1,F11,0.0013642391776437284,0.007840968518007424
RR,1,F12,0.012417718942768514,0.008031584971380568
RR,1,G1,0.008741713189459478,0.0044053142033162835
RR,1,G2,0.016182548438857376,0.024447144080097787
RR,1,G3,0.009734888772131712,0.0027041030227165507
RR,1,G4,0.011577954721564273,0.00857048258342676
RR,1,G5,0.011906291310204292,0.001644206312986355
RR,1,G6,0.00751181645474299,0.018646141519283788
RR,1,G7,0.009899887635222036,0.0016220982492696884
RR,1,G8,0.0030437304295392064,0.010247849561480393
RR,1,G9,0.006124839588198172,0.004183647820778149
RR,1,G10,0.031154247151802546,0.005143264133894044
RR,1,G11,0.037690104071596335,0.009372127027237633
RR,1,G12,0.006761420082813959,0.015422930076073463
RR,1,H1,0.045498196100738984,0.0011482652896957133
RR,1,H2,0.002980560943859937,0.003228300182945631
RR,1,H3,0.01748011729032524,0.0020063053983158303
RR,1,H4,0.01565721367246123,0.035314064120110816
RR,1,H5,0.006546829784014802,0.006995816643778547
RR,1,H6,0.04363106697205833,0.01526318948245551
RR,1,H7,0.0030563674582394563,0.004212518942294998
RR,1,H8,0.047701560091744956,0.03614715768729808
RR,1,H9,0.0021188387015627086,0.00047841563883511083
RR,1,H10,0.0409999013638819,0.019650086178909364
RR,1,H11,0.015114775333096638,0.01188906002461059
RR,1,H12,0.026269717893568873,0.002032882379479094
RR,2,A1,0.0021215148019318518,0.014246313763112294
RR,2,A2,0.005302876687340669,0.0022403875739499157
RR,2,A3,0.008000974049474809,0.0017601656067017498
RR,2,A4,0.017109313683108383,0.021144747014962984
RR,2,A5,0.007046473429153816,0.0059125584160487936
RR,2,A6,0.026129379614923766,0.01382746169625193
RR,2,A7,0.010779828235644641,0.0017084502554453227
RR,2,A8,0.02755128344537283,0.0009893271226109632
RR,2,A9,0.005057633748061423,0.0026025309146028826
RR,2,A10,0.03872643559513331,0.03981636249904193
RR,2,A11,0.027953145027803685,0.016556231717725158
RR,2,A12,0.013706608755318254,0.0044490891547327984
RR,2,B1,0.00193519931713045,0.01673437181064765
RR,2,B2,0.0211813967252645,0.006683212445342615
RR,2,B3,0.004262113996654642,0.0009561577736629202
RR,2,B4,0.026920617367827433,0.007947586721982244
RR,2,B5,0.010109711029814792,0.0014570568249911786
RR,2,B6,0.002295762982451777,2.6056935579657982e-05
RR,2,B7,0.014105106166005089,0.0057446139975419865
RR,2,B8,0.013694104508370336,0.007885668544796923
RR,2,B9,0.027812953200290175,0.023307538559817903
RR,2,B10,0.007796319131710456,0.010640061739593257
RR,2,B11,0.00821539178381615,0.009088293370817643
RR,2,B12,0.01325716268655726,0.021094774853951646
RR,2,C1,0.008064464509841003,0.005234484518125903
RR,2,C2,0.007790623193982687,0.008803767408604432
RR,2,C3,0.008878475944298901,0.003199004763017241
RR,2,C4,0.022191802255855014,0.030591515545721273
RR,2,C5,0.006888759439968917,0.030273932221428167
RR,2,C6,0.01540215821271526,0.0215860243350411
RR,2,C7,0.005760481338985842,0.0057938775890953725
RR,2,C8,0.0372887694874883,0.04498671470405287
RR,2,C9,0.00782962772214398,0.013962101664826386
RR,2,C10,0.003722372217808961,0.00463509062149825
RR,2,C11,0.03408340580170641,0.024702966905615704
RR,2,C12,0.003092127969304507,0.0076715940943482925
RR,2,D1,0.01027523314364442,0.01130730366136245
RR,2,D2,0.0017460346904440707,0.001837919851396287
RR,2,D3,0.00801323005202333,0.022799219447118695
RR,2,D4,0.012630418673834692,0.11470584361699436
RR,2,D5,0.027412120430979344,9.010747537641957e-05
RR,2,D6,0.00741658066258286,0.01425079401364347
RR,2,D7,0.020172454369739242,0.03974365792112472
RR,2,D8,0.026760673574485923,0.00859927140634993
RR,2,D9,0.02120270868284532,0.00029034294863797614
RR,2,D10,0.012874245823463965,0.004439105399510769
RR,2,D11,0.0069048538277667855,0.007578134604727392
RR,2,D12,0.008615232938604738,0.009512048550713135
RR,2,E1,0.018829230048753032,0.02761264341264412
RR,2,E2,0.012436857481319265,0.007964344836409013
RR,2,E3,0.003094823988368661,0.006631760294581568
RR,2,E4,0.03610434562914364,0.01954011595242596
RR,2,E5,0.008558407608705276,0.02967870890961214
RR,2,E6,0.0033752747363752326,0.007604084831595964
RR,2,E7,0.02266175587136209,0.035729540562405446
RR,2,E8,0.0005017357569107877,0.004974961727757293
RR,2,E9,0.02064805123784661,0.013484914936698332
RR,2,E10,0.008420518970976374,0.0019272787778317605
RR,2,E11,0.03520281450909101,0.02758386587768851
RR,2,E12,0.010024963047193438,0.009537215935879013
RR,2,F1,0.02725587646378246,0.012401097163559867
RR,2,F2,0.0013944351513016065,0.014027937565648399
RR,2,F3,0.008641715979926495,0.01058809345940205
RR,2,F4,0.005906255726422297,0.0040978130869134865
RR,2,F5,0.017881760843944276,0.01813533875866367
RR,2,F6,0.027376768075245916,0.026777754968182896
RR,2,F7,0.007849568855888908,0.00863290192452242
RR,2,F8,0.003978711084399902,0.002038357330039627
RR,2,F9,0.01866506982532041,0.008461070060827736
RR,2,F10,0.03358265559408951,0.0018976589439367963
RR,2,F11,0.0048983272321637605,0.014565689310498729
RR,2,F12,0.008197830254420927,0.005501485765121875
RR,2,G1,0.024778958339197427,0.019694925631803212
RR,2,G2,0.011945879801764106,0.025457434592014296
RR,2,G3,0.0047519711479800004,0.0011513151586632505
RR,2,G4,0.01378191233892358,0.014850259717750017
RR,2,G5,0.013348471403335394,0.009447704477532662
RR,2,G6,0.036914682106266646,0.02485362643967648
RR,2,G7,0.03328601731033378,0.002845367637915816
RR,2,G8,0.008497331918036524,0.00551124342238585
RR,2,G9,0.008112020742982567,0.001547561358981192
RR,2,G10,0.0024706246767491084,0.007554128706625029
RR,2,G11,0.021688085294392957,0.019549344362817935
RR,2,G12,0.029586561655674658,0.0037905082972665032
RR,2,H1,0.0006771594274360353,0.016511821365969712
RR,2,H2,0.014295904865273433,0.0007260518028674008
RR,2,H3,0.016517843885406145,0.003933812711399346
RR,2,H4,0.007561363957342067,0.03162873905455184
RR,2,H5,0.0023836045134982714,0.02739182278754132
RR,2,H6,0.005441992625833489,0.0012052577799504592
RR,2,H7,0.0009156172879910189,0.016869477093062656
RR,2,H8,0.03216577335391859,0.011718892601271468
RR,2,H9,0.024552386008527244,0.013110072032785651
RR,2,H10,0.005162227508265622,0.017551753468296738
RR,2,H11,0.010652734846690754,0.0048438731862858846
RR,2,H12,0.02819842246011343,0.006327771087727352
RR,3,A1,0.006574578088239447,0.006689055907006168
RR,3,A2,0.004568267957385538,0.0052268232033260385
RR,3,A3,0.003705326398375064,0.0021780639792941276
RR,3,A4,0.01628095746841529,0.019161353221542936
RR,3,A5,0.02067622977863902,0.0011299357791246655
RR,3,A6,0.00902981654482741,0.0011512789443848784
RR,3,A7,0.021823147771428787,0.017480250504193877
RR,3,A8,0.0038729582094492224,0.0013757674201457053
RR,3,A9,0.029203509018779245,0.018706102196609366
RR,3,A10,0.02976793663585877,0.018201372113286613
RR,3,A11,0.001262165407630496,0.014679289756691445
RR,3,A12,0.030728801077892737,0.009215372501477583
RR,3,B1,0.006393843073660081,0.005701439439129642
RR,3,B2,0.007470041759093879,0.016457000582159053
RR,3,B3,0.009652470244177898,0.009931046194833289
RR,3,B4,0.009016085691104462,0.021335915391305575
RR,3,B5,0.01893582039489768,0.0017628107473864998
RR,3,B6,0.04352483058321305,0.012642510220675075
RR,3,B7,0.0006811177594327292,0.007033899588289464
RR,3,B8,0.002666764595084562,0.014310281743448172
RR,3,B9,0.009359222384360546,0.00553480457868121
RR,3,B10,0.007847075151407848,0.018628966576991327
RR,3,B11,0.024214903126637283,0.001600039320476543
RR,3,B12,0.01740685767679127,0.012048901685985262
RR,3,C1,0.04018720140989336,0.022194669645396545
RR,3,C2,0.0074882416566037936,0.0187169439673881
RR,3,C3,0.0009514958870963263,0.0022877700465705523
RR,3,C4,0.009507474956796946,0.00046448230613202403
RR,3,C5,0.024802938701034154,0.02122249782182245
RR,3,C6,0.005249743993124412,0.0021980860024803446
RR,3,C7,0.02717565629468894,0.005814565694662089
RR,3,C8,0.014397449821856409,0.009409215375536274
RR,3,C9,0.008469168663794123,0.008085735859806778
RR,3,C10,0.022441662353677526,0.005466382293795016
RR,3,C11,0.03215579958280699,0.0026059776040326097
RR,3,C12,0.011214086625210312,0.0030353899157691214
RR,3,D1,0.02529234967421786,0.022955650884603284
RR,3,D2,0.015189452607120065,2.6533498028704436e-05
RR,3,D3,0.009031041679787723,0.013893173650406676
RR,3,D4,0.004851259770770684,0.004444153908091803
RR,3,D5,0.025938784327678446,0.008866387380218377
RR,3,D6,0.013367818304372718,0.004783083824414644
RR,3,D7,0.01786029958548103,0.003114361741049796
RR,3,D8,0.0035756321273231954,0.0036325369723522512
RR,3,D9,0.003986610970149092,0.017796581594484003
RR,3,D10,0.021233639312333425,0.009811212668923675
RR,3,D11,0.00785413757109033,0.008506771042768311
RR,3,D12,0.011568300100891849,0.011511866855502997
RR,3,E1,0.010407743393315847,0.018417160592713252
RR,3,E2,0.01336916936246498,0.0022724593734450723
RR,3,E3,0.0157955905045602,0.006993837719268068
RR,3,E4,0.007455233601278863,0.017093654979601542
RR,3,E5,0.0012634267462134164,0.014621847295851387
RR,3,E6,0.005976353052940759,0.006201010683031064
RR,3,E7,0.009970420549882618,0.008446241210222333
RR,3,E8,0.014527921033324821,0.018252795998623395
RR,3,E9,0.004312795599152206,0.005943872193727659
RR,3,E10,0.009539068345530682,0.008118630923414775
RR,3,E11,0.005888134662407953,0.0041490750059723
RR,3,E12,0.0035707773303455606,0.0043686524103887184
RR,3,F1,0.011935299616479995,0.011018198659817282
RR,3,F2,0.023401809160745086,0.0017940686442413283
RR,3,F3,0.020912053890424703,0.04453019989214763
RR,3,F4,0.027883073678014483,0.0036645639584742644
RR,3,F5,0.012214086307656752,0.019069379371486308
RR,3,F6,0.013604066188707353,0.003874295321048811
RR,3,F7,0.012658834976058275,0.034272802618134326
RR,3,F8,0.028191152548294088,0.012363400784416086
RR,3,F9,0.00691554418616496,0.014318367418519213
RR,3,F10,0.000709533511928262,0.012484057713754769
RR,3,F11,0.006233364215349057,0.001217299560279452
RR,3,F12,0.005024757425891804,0.001416294523053807
RR,3,G1,0.004337668323871134,0.008648449996196083
RR,3,G2,0.00860942965686092,0.025463519146339094
RR,3,G3,0.002963399810824964,0.0027446273982557746
RR,3,G4,0.01892972401196667,0.006167563109322399
RR,3,G5,0.01532136929456435,0.006370772557060435
RR,3,G6,0.015814791319284538,0.018353340989197695
RR,3,G7,0.015659698632871106,0.007759485489282801
RR,3,G8,0.005159877680015482,0.0037823149348729618
RR,3,G9,0.035960484959592046,0.008696949171198265
RR,3,G10,0.013726129570162887,0.0027431091380363754
RR,3,G11,0.020103071021943177,0.004254131093115679
RR,3,G12,0.006193483237860992,8.39209597986597e-05
RR,3,H1,0.039618559759373694,0.0021650522903072103
RR,3,H2,0.013942879168654864,0.0052017387757577116
RR,3,H3,0.009512627290405655,0.01406176682933256
RR,3,H4,0.0052919428536514455,0.007652452571202339
RR,3,H5,0.002873589965918587,0.021647439393240837
RR,3,H6,0.04534752719108268,0.00931242045482008
RR,3,H7,0.008098618631649023,0.014090923449292822
RR,3,H8,0.010384778830508229,0.009619639655988943
RR,3,H9,0.015176527491549253,0.01173576921873243
RR,3,H10,0.00882430847154855,0.00022139978043225398
RR,3,H11,0.0014881354520940853,0.015420724692148889
RR,3,H12,0.006000966001381052,0.02429961688712241
RR,4,A1,0.0047282544509091706,0.007111541477499372
RR,4,A2,0.006944506203218508,0.0003487445484495311
RR,4,A3,0.004856605223946878,0.015353497371923017
RR,4,A4,0.0015803649943838909,0.002917046389094392
RR,4,A5,0.0027150805646989494,0.023922051881542783
RR,4,A6,0.005560436420782467,0.01365790448596383
RR,4,A7,0.01600896364011044,0.01911184952432691
RR,4,A8,0.0028573383595867333,0.008980600242486932
RR,4,A9,0.02841259968210862,0.009783741304827566
RR,4,A10,0.011448902836806905,0.0037190008258551313
RR,4,A11,0.008338478309939612,0.011843604698524135
RR,4,A12,0.01715556876107904,0.0006720707066860273
RR,4,B1,0.004735630475525985,0.01793569350446028
RR,4,B2,0.01259301999611716,0.001062563267022878
RR,4,B3,0.007842748402658396,0.02776278754037576
RR,4,B4,0.0047609545341218825,0.006261368425473783
RR,4,B5,0.05699967387462622,0.04190157569113495
RR,4,B6,0.02863574812889528,0.012083827157804962
RR,4,B7,0.020809557287654275,0.0022175597649671083
RR,4,B8,0.03458643957132534,0.09249997552411057
RR,4,B9,0.014228434999170345,0.0004558488301093486
RR,4,B10,0.010982257706852228,0.004700875567970355
RR,4,B11,0.012661938670201328,0.03270691053461158
RR,4,B12,0.0028964538718340514,0.01636404467624651
RR,4,C1,0.05755031972832491,0.0350564958352361
RR,4,C2,0.02823481744587231,0.011828930574631401
RR,4,C3,0.024494401719651386,0.017634064475243884
RR,4,C4,0.026773836190760097,0.000367332612855749
RR,4,C5,0.004394336396181224,0.004001575226311004
RR,4,C6,0.01583018262296056,0.0006193914942322838
RR,4,C7,0.016142405647083673,0.013234997927685203
RR,4,C8,0.030361325282527062,0.011649688499909081
RR,4,C9,0.01473358759998385,0.015475532316082015
RR,4,C10,0.008237141020168386,0.008087461269147037
RR,4,C11,0.005056379125860211,0.01950600798685644
RR,4,C12,0.01418375893629927,0.0009217224404023164
RR,4,D1,0.01573597355577601,0.014435036162025957
RR,4,D2,0.015611427886459417,0.002356419063249643
RR,4,D3,0.011677216049460757,0.007561633041638091
RR,4,D4,0.001834893568003314,0.015881678288110865
RR,4,D5,0.010717142699260721,0.002017724777280834
RR,4,D6,0.0033845227248810636,0.002352314515036671
RR,4,D7,0.007547154188477865,0.008080237870101585
RR,4,D8,3.386159407217471e-05,0.013206647193297488
RR,4,D9,0.004664308224326448,0.0035360493650994263
RR,4,D10,0.011046417320044952,0.00776339344978183
RR,4,D11,0.013554568367178348,0.01657613517063121
RR,4,D12,0.021435697802707043,0.0009683654887628853
RR,4,E1,0.021748105453558802,0.007992036962341836
RR,4,E2,0.006217501643429448,0.036091292915286524
RR,4,E3,0.010111231187978702,0.004989154737658147
RR,4,E4,0.015347600772055436,0.0017295756175754603
RR,4,E5,0.011365519370058651,0.005279865128747573
RR,4,E6,0.0018317774371059414,0.0027091356482973534
RR,4,E7,0.03582321660882563,0.01126964418044842
RR,4,E8,0.015784061985308545,0.02142765376923915
RR,4,E9,0.009742622211886312,0.02332981920213939
RR,4,E10,0.0028889245769447374,0.007157773109435762
RR,4,E11,0.05372103292349835,0.022428056599160983
RR,4,E12,0.019588772595342703,0.018290690487069352
RR,4,F1,0.011757870450684337,0.002985682348744977
RR,4,F2,8.154768648438448e-07,0.021623089240583503
RR,4,F3,0.02242038150561676,0.01633554101573746
RR,4,F4,0.015715940536093185,0.0061493395465491525
RR,4,F5,0.017830073151405598,0.02174110761845278
RR,4,F6,0.003598103491275185,0.007728467500343407
RR,4,F7,0.0113806450954562,0.0032553552977361414
RR,4,F8,0.005634891571318848,0.015768668885633084
RR,4,F9,0.013123526303790139,0.006518377855641215
RR,4,F10,0.022533617494426245,0.009039664195067663
RR,4,F11,0.001893903847501846,0.07858225319590253
RR,4,F12,0.02101489655172168,0.008639262942321481
RR,4,G1,0.010088464376929632,0.005151905728219459
RR,4,G2,0.017768431682975924,0.007923310472628222
RR,4,G3,0.01890793213513274,0.013051673230267267
RR,4,G4,0.025674570646389384,0.029969989365461913
RR,4,G5,0.006493021172129158,0.006578272053339485
RR,4,G6,0.008389532673701966,0.003923690692937656
RR,4,G7,0.023453100062794757,0.018382236379872314
RR,4,G8,0.007753668339343752,0.025248792446494715
RR,4,G9,0.007733741734638021,0.008216720476075811
RR,4,G10,0.010040716734476748,0.025342661829422818
RR,4,G11,0.013430159218984272,0.011079081976186731
RR,4,G12,0.006528393772237691,0.027202379560651704
RR,4,H1,0.0030985474370214833,0.01495602335638875
RR,4,H2,0.011307908709129831,0.015519688019785118
RR,4,H3,0.029025450695742656,0.022462343587305294
RR,4,H4,0.001812643214367182,0.009496625989456525
RR,4,H5,0.004673028944878865,0.011291576757789834
RR,4,H6,0.026767725951680667,0.003431547986346791
RR,4,H7,0.021866660720467192,0.0033945850549392336
RR,4,H8,0.034373263820813627,0.0006650183578654912
RR,4,H9,0.0009121076974215502,0.008116939309982559
RR,4,H10,0.000993670299439636,0.013030083836174988
RR,4,H11,0.010080938676845121,0.021568431053086225
RR,4,H12,0.005021451438895527,0.0013298215461509737
RR,5,A1,0.006422985272925803,0.013057970326288486
RR,5,A2,0.017522235526046332,0.0031767294133466725
RR,5,A3,0.03647031262370367,0.015279176867808036
RR,5,A4,0.01600687444489484,0.005623496480107834
RR,5,A5,0.0012855321845185702,0.01878309474871171
RR,5,A6,0.006369424042843586,0.006744896367952909
RR,5,A7,0.014660732589359524,0.00017019121516622963
RR,5,A8,0.02698090701249015,0.006190161137521986
RR,5,A9,0.0009846463987778344,0.00018409858287367817
RR,5,A10,0.028097034924108005,0.008017501185629524
RR,5,A11,0.007939178309218742,0.007177333972825769
RR,5,A12,0.025143363264492895,0.03472990590035743
RR,5,B1,0.0037728441832553614,0.013558001815412021
RR,5,B2,0.009666198198300745,0.02928290165238725
RR,5,B3,0.02986454992841106,0.013365171464228658
RR,5,B4,0.00922547751604985,0.017802286683771217
RR,5,B5,0.011397173510828043,0.005286397527597227
RR,5,B6,0.023528628790152228,0.02283474486042349
RR,5,B7,0.018319685970069714,0.019710225491921547
RR,5,B8,0.01559943943827067,0.01695655951530467
RR,5,B9,0.006364083375019474,0.013413210903013834
RR,5,B10,0.015604777346733526,0.012975652518467426
RR,5,B11,0.02037295707310231,0.020329570118291517
RR,5,B12,0.023252516044400973,0.017403828599210965
RR,5,C1,0.008094382251367464,0.01562082867525506
RR,5,C2,0.032292649045862355,0.017856893734586758
RR,5,C3,0.010968837843054231,0.007357870046841761
RR,5,C4,0.018012130065809838,0.012020866241696146
RR,5,C5,0.0019187917395532667,0.011883213859151125
RR,5,C6,0.0013759026515476516,0.0050048029529242396
RR,5,C7,0.0008687333593517022,0.021555219758783717
RR,5,C8,0.0078236472616572,0.02395700948830546
RR,5,C9,0.007609366734913152,0.010442245866163201
RR,5,C10,0.03208381190792135,0.05201564530912988
RR,5,C11,0.03410208897404064,0.0001109920436093148
RR,5,C12,0.011075327754799804,0.03563733158257824
RR,5,D1,0.009312529373702754,0.021620939758654936
RR,5,D2,0.02359502453661963,0.011263333137803545
RR,5,D3,0.005966075733814365,0.000874478249292815
RR,5,D4,0.009850973834936308,0.007561367566056216
RR,5,D5,0.011011415152144476,0.005472029632586764
RR,5,D6,0.01341338433636528,0.007593701650633985
RR,5,D7,0.01130770209091477,0.0001025627432245675
RR,5,D8,0.01771437476990408,0.014258385333124483
RR,5,D9,0.010631833429391375,0.004940732187264213
RR,5,D10,0.004138208647768066,0.014329709127668068
RR,5,D11,0.0041026867463155705,0.01420532506266248
RR,5,D12,0.00846016358321075,0.004055654777999344
RR,5,E1,0.0215956881763489,0.002799371449885999
RR,5,E2,0.012751639514906795,0.012939852925111394
RR,5,E3,0.0035435972038901464,0.004698491816898083
RR,5,E4,0.006818813195511966,0.014830188165438882
RR,5,E5,0.025590335831660038,0.013103518887367455
RR,5,E6,0.035009367119685525,0.02190292894629427
RR,5,E7,0.02171206564316033,0.025617885242575505
RR,5,E8,0.012406108634768626,0.005688579677544192
RR,5,E9,0.0061590824331315425,0.015643002011136452
RR,5,E10,0.011766889718045773,0.005404232234927941
RR,5,E11,0.012948895516005348,0.009771587951944759
RR,5,E12,0.0010114668150324603,0.009567121884915172
RR,5,F1,0.006859029028346067,0.01277254386731089
RR,5,F2,0.002766395847001476,0.008868763104665176
RR,5,F3,0.0006223326984716159,0.015538972236257425
RR,5,F4,0.019639942338209655,0.04150139544562557
RR,5,F5,0.00411379199784534,0.0050218273723908104
RR,5,F6,0.004650290644821355,0.008454411011376837
RR,5,F7,0.024676486719240272,0.013383609627772665
RR,5,F8,0.019330417556986848,0.004787104861235979
RR,5,F9,0.042846684731814355,0.017036266389287815
RR,5,F10,0.020612197849408743,0.01955569801027982
RR,5,F11,0.03066210274045261,0.017895739952281865
RR,5,F12,0.027515984766137983,0.014578254275141441
RR,5,G1,0.012709955675992899,0.015219103311438791
RR,5,G2,0.003787675242075518,0.03154191106067206
RR,5,G3,0.0051052864081414335,0.003878582541880999
RR,5,G4,0.010135641782573835,0.011087312106519675
RR,5,G5,0.011134497569199646,0.009384695669505642
RR,5,G6,0.03637914929625544,0.026231957081886827
RR,5,G7,0.03218835140220921,0.0020693428355784897
RR,5,G8,0.006419815358265352,0.006218558949996425
RR,5,G9,0.008139456117176072,0.01202054265094354
RR,5,G10,0.006205902617900438,0.00012321450579412814
RR,5,G11,0.005341839876643859,0.017595568533347875
RR,5,G12,0.0015850498080449717,0.015746244637366954
RR,5,H1,0.0011978199738259085,0.0029385686601597983
RR,5,H2,0.024381300949577394,0.002998193078566517
RR,5,H3,0.008383724185632086,0.002169766856831738
RR,5,H4,0.007643913365165683,0.017330011805602015
RR,5,H5,0.0046530555814455,0.003800649624471288
RR,5,H6,0.013579026821129488,0.004396143588885898
RR,5,H7,0.012872530254405977,0.008203895615620462
RR,5,H8,0.0061492085707861195,0.0075822007669849025
RR,5,H9,0.007206914787892603,0.02083435830360524
RR,5,H10,0.06391484631071369,0.01907318226425101
RR,5,H11,0.011239437482817945,0.0020296787835907474
RR,5,H12,0.012997676835591662,0.008738431434560212
RR,6,A1,0.0007060757068807525,0.028058824820607804
RR,6,A2,0.007401233390373747,0.01033472733133974
RR,6,A3,0.026634730385347315,0.01065204720673678
RR,6,A4,0.007710400174119132,0.01035414927479033
RR,6,A5,0.008659951072962855,0.008446293049190971
RR,6,A6,0.0032755872956784986,0.0037958008581665766
RR,6,A7,0.012430578145591795,0.00601943081745644
RR,6,A8,0.01422728100562581,0.001405302706938418
RR,6,A9,0.003961202878200805,0.014644338426859693
RR,6,A10,0.023010921718110477,0.009265662083043486
RR,6,A11,0.010447195544867926,0.008656583458104234
RR,6,A12,0.007067636879856303,0.0066352704224135
RR,6,B1,0.04819399706122727,0.01886718469316255
RR,6,B2,0.005043851726177397,0.001166283075576159
RR,6,B3,0.03552790688457988,0.021118596422908652
RR,6,B4,0.00011773905283655554,0.011194638590697331
RR,6,B5,0.022579669987204714,0.00724646248826054
RR,6,B6,0.020289273063659588,0.007199318824927856
RR,6,B7,0.00680772433277046,0.004633954476722424
RR,6,B8,0.003571926968281953,0.027034858091351092
RR,6,B9,0.0006784921775033265,0.011504446230575125
RR,6,B10,0.028694371518169136,0.007889441743911946
RR,6,B11,0.0027540167175530428,0.019012134014596577
RR,6,B12,0.001466821824614113,0.020458925176551786
RR,6,C1,0.0054183120601189625,0.0035492316884973983
RR,6,C2,0.007006277539136464,0.020167760373667278
RR,6,C3,0.0015564550195742636,0.0259439201038319
RR,6,C4,0.016043652393179064,0.02747098424065149
RR,6,C5,0.007814447891881494,0.010096635222454494
RR,6,C6,0.009424298713777023,0.02751532879459463
RR,6,C7,0.009002724336814349,0.003936834109196319
RR,6,C8,0.02512883511209548,0.016470599203863165
RR,6,C9,0.02072472444826741,0.00993927145304889
RR,6,C10,0.005862046736380886,0.0063311852811930155
RR,6,C11,0.004173320152064912,0.010697826235045671
RR,6,C12,0.007359161326141299,0.00610278180612434
RR,6,D1,0.02018218096968774,0.011130268620689934
RR,6,D2,0.004985451468629846,0.003760066407906348
RR,6,D3,0.012435518411383408,0.00344657831525789
RR,6,D4,0.0019372578452044851,0.011195389903264035
RR,6,D5,0.02129965557201084,0.011291807238148589
RR,6,D6,0.02019879995835097,0.007893403110449866
RR,6,D7,0.007690639703139219,0.00933174838580182
RR,6,D8,0.011283548817633335,0.00016478225505018657
RR,6,D9,0.0015141178305381657,0.004491915962432969
RR,6,D10,0.012260741674705705,0.0064615507967659535
RR,6,D11,0.0032976481292681494,0.019077105781805086
RR,6,D12,0.015028835166970194,0.004020614162172818
RR,6,E1,0.01763622791484104,0.010620053966593894
RR,6,E2,0.014078404776775948,0.0024830468658983227
RR,6,E3,0.005255662334341178,0.018003110203660046
RR,6,E4,0.009400255199701278,0.019894846404488034
RR,6,E5,0.01482586039849183,0.00332979988537189
RR,6,E6,0.03740964914021608,0.0036226296686909993
RR,6,E7,0.03184839523244117,0.00048791283496317164
RR,6,E8,0.0008745265304010806,0.0065451012358352986
RR,6,E9,0.004780150161757548,0.012412297863049758
RR,6,E10,0.002863755165241646,0.00043836102150319756
RR,6,E11,0.002140022264910337,0.020425545503496588
RR,6,E12,0.03736861313861241,0.013182908632246288
RR,6,F1,0.0038583212365911803,0.0026306807020508535
RR,6,F2,0.0070413460361428565,0.0022463744216662963
RR,6,F3,0.007778566487716664,0.019693199984243095
RR,6,F4,0.003505943049740607,0.009879934624547917
RR,6,F5,0.02142108542633311,0.010290631379970706
RR,6,F6,0.003771227803884053,0.007470119011741429
RR,6,F7,0.03293684752610066,0.006101737717667572
RR,6,F8,0.024650838508030185,0.009191667492141226
RR,6,F9,0.015311239203943394,0.014840490108421566
RR,6,F10,0.018010418518107175,0.03306220115231942
RR,6,F11,0.016570497644478634,0.02315048391538511
RR,6,F12,0.013515052579605887,0.005120819537465932
RR,6,G1,0.009091506351063643,0.002615429276321444
RR,6,G2,0.012388100925715484,0.0008761479288871739
RR,6,G3,0.006947435261053485,0.005366696504477252
RR,6,G4,0.008928017775505661,0.0012717084690662104
RR,6,G5,0.0013367826087414718,0.004580496922638336
RR,6,G6,0.016801479504011365,0.008863667567678452
RR,6,G7,0.01673725800368112,0.02886301453543941
RR,6,G8,0.009329560427530978,0.010085649035931109
RR,6,G9,0.0003753869743058814,0.00031879909017053774
RR,6,G10,0.016311717654761568,0.0020345808367925565
RR,6,G11,0.0417407556782999,0.012348342309649329
RR,6,G12,0.05756150161435228,0.055277584479313344
RR,6,H1,0.010442554219260249,0.006675837028785894
RR,6,H2,0.017087481296096288,0.010806385218250796
RR,6,H3,0.015464027865013127,0.0008050058673925652
RR,6,H4,0.0020720159971090698,0.013654752527188271
RR,6,H5,0.0077575390083767055,0.008011206456068534
RR,6,H6,0.00941434910899813,0.010336374791109422
RR,6,H7,0.003743977427068469,0.01144359497645383
RR,6,H8,0.014886712773560216,0.010636086376548578
RR,6,H9,0.030198889580025392,0.00851748120722454
RR,6,H10,0.0016727831182216685,0.005622428391723582
RR,6,H11,0.0069412578918303615,0.015302720224962365
RR,6,H12,0.010637824679844667,0.007774363947991474
TR,1,A1,0.003981699324240988,0.0008623775665590082
TR,1,A2,0.004888434352959661,0.0019605023324279123
TR,1,A3,0.01634761810807657,0.004092118552418554
TR,1,A4,0.004512801294483117,0.0018462371110244524
TR,1,A5,0.030313377240004984,0.013410743152412186
TR,1,A6,0.0001592638163007156,0.0225463053099208
TR,1,A7,0.007483007017796226,0.008929310844580582
TR,1,A8,0.03830730103630277,0.022393076096576366
TR,1,A9,0.015965370371109344,0.005608210921491263
TR,1,A10,0.0351596632548914,0.01573271616892155
TR,1,A11,0.007049963618691741,0.0009004185836533025
TR,1,A12,0.00249077479434816,0.004562524717959269
TR,1,B1,0.00952959801630343,0.013241688825996365
TR,1,B2,0.03485651973892705,0.008624289761155798
TR,1,B3,0.01306412503594465,0.006760442371452518
TR,1,B4,0.006264165842606971,0.0025624343475380658
TR,1,B5,0.008094844149256382,0.0009299712417082485
TR,1,B6,0.010439151962679145,0.012720205488600261
TR,1,B7,0.022705781776394155,0.014850583503969294
TR,1,B8,0.004254429508637778,0.009528328824925068
TR,1,B9,0.012361719998236482,0.00814831225522333
TR,1,B10,0.03249917590498269,0.020903478594607575
TR,1,B11,0.011482568081682673,0.0007094647702222824
TR,1,B12,0.009492749020762655,0.002520507951929323
TR,1,C1,0.008229404588870396,0.0014518547490611569
TR,1,C2,0.004764703777394964,0.005245980540772956
TR,1,C3,0.02461972163126617,0.01710787034902933
TR,1,C4,0.014504827027777223,0.014844777684977438
TR,1,C5,0.03449166302556939,0.018569828939309797
TR,1,C6,0.02139203985446588,0.02478520967036855
TR,1,C7,0.024700605682652813,0.022252721860672408
TR,1,C8,0.009099890965726689,0.025992599524039907
TR,1,C9,0.019376231394668406,0.002304072728091455
TR,1,C10,0.012928428921020379,0.028527856246965605
TR,1,C11,0.013975665674446436,0.024370533596297827
TR,1,C12,0.0024813748907596862,0.03588974581610096
TR,1,D1,0.010954572579167583,0.01258840859994802
TR,1,D2,0.017925679882618322,0.0012049453109519489
TR,1,D3,0.0214312498515206,0.000395170195621385
TR,1,D4,0.010129808007034436,0.020655546487544363
TR,1,D5,0.015790180919849406,0.01066750895315773
TR,1,D6,0.031652373437090695,0.02407971536446001
TR,1,D7,0.00854130603842118,0.020586190868752116
TR,1,D8,0.03206249921898579,0.020394757048897576
TR,1,D9,0.006774419267368994,0.004745479576554186
TR,1,D10,0.0330797955233506,0.017703005853021415
TR,1,D11,0.008289392316361463,0.0018643121233905037
TR,1,D12,0.02382312996234025,0.03466378191456902
TR,1,E1,0.03384225634210094,0.02739792916309001
TR,1,E2,0.03438137894216364,0.03334236135527048
TR,1,E3,0.007079238238090465,0.004472291464645962
TR,1,E4,0.014849180514527865,0.011275244075883697
TR,1,E5,0.008989463782987463,2.6770403801871603e-06
TR,1,E6,0.008658797594610471,0.008161648580089905
TR,1,E7,0.020985577464723255,0.009642345347864357
TR,1,E8,0.014135970423884892,0.01078709518340582
TR,1,E9,0.03229850158149573,0.016319184113642856
TR,1,E10,0.015037835125144212,0.006025160046592607
TR,1,E11,0.009948582813766857,0.014190202033749735
TR,1,E12,0.017406856499218384,0.02917478030130738
TR,1,F1,0.004238240941744711,0.0009019008217927715
TR,1,F2,0.002688829916804017,0.015300522559959352
TR,1,F3,0.009667699388083519,0.006615427999103566
TR,1,F4,0.004094092260341467,0.002028770485811866
TR,1,F5,0.0037643538038237253,0.01142412489302356
TR,1,F6,0.007606800511028713,0.005643208842948311
TR,1,F7,0.010450443901476014,0.009908008309181265
TR,1,F8,0.0022777744808234568,0.01448144280498662
TR,1,F9,0.011567630598210098,0.0076175654755313476
TR,1,F10,0.0028854123370938432,0.005308337659517063
TR,1,F11,0.006023251759725488,0.020584665914295246
TR,1,F12,0.02575405243702278,0.023626895648374436
TR,1,G1,0.02909523430066735,0.016347338426576503
TR,1,G2,0.020747732049823994,0.02540535561370221
TR,1,G3,0.012844311990092668,0.0028242103548788864
TR,1,G4,0.015074356506488662,0.01803392315757419
TR,1,G5,0.009674914010336266,0.006611393950350688
TR,1,G6,0.014701849010271842,0.005600964762892161
TR,1,G7,0.011047759769300822,0.01642716304066721
TR,1,G8,0.03159609689367333,0.016825422454951132
TR,1,G9,0.0005930832115232931,0.0016588197687528667
TR,1,G10,0.015975590889566665,0.00811422346824633
TR,1,G11,0.0080814793619262,0.004877814668216665
TR,1,G12,0.01033125122408865,0.003687478405411962
TR,1,H1,0.0024134117311490864,0.011436783488671377
TR,1,H2,0.005481113468849511,0.004618403963630501
TR,1,H3,0.007478377799768681,0.003282510615864063
TR,1,H4,0.01985372244284448,0.0001313187865600417
TR,1,H5,0.018454725090752584,0.002585447254095809
TR,1,H6,0.016202654137279685,0.0008666065789816952
TR,1,H7,0.02874088448719727,0.006417054909471018
TR,1,H8,0.014122099795915647,0.020488307196377665
TR,1,H9,0.0033441512080696232,0.008952945927739299
TR,1,H10,0.005885425551380172,0.02485874280309967
TR,1,H11,0.029112514645437355,0.027168100384443825
TR,1,H12,0.006833608795178992,0.013537538086195114
TR,2,A1,0.005367128559363952,0.004490815823679783
TR,2,A2,0.025672446766018635,0.014492763345929503
TR,2,A3,0.003343604522581213,0.00022410224334411635
TR,2,A4,0.0015522775211822444,0.006511599358824216
TR,2,A5,0.00289109417730969,0.015399255461106537
TR,2,A6,0.024228340157474815,0.005124929468873993
TR,2,A7,0.018624824502554937,0.015357986151003315
TR,2,A8,0.00142641893874864,0.001737320400782243
TR,2,A9,0.03891790374570044,0.020703502605996266
TR,2,A10,0.011890852951500441,0.0019767899164119117
TR,2,A11,,
TR,2,A12,0.0034709696900996293,0.010010879381141709
TR,2,B1,0.03571466221111594,0.008221269925288013
TR,2,B2,0.0075428794644143374,0.006108455044854426
TR,2,B3,0.011920322759477704,0.014273895038888604
TR,2,B4,0.020083578675306392,0.00019413394293392398
TR,2,B5,0.024626439387390703,0.019552135730151576
TR,2,B6,0.01616261638227017,0.009862996541297173
TR,2,B7,0.007176127496907646,0.001184465834050659
TR,2,B8,0.00622318832700594,0.013499659461369056
TR,2,B9,0.014187844432433754,0.016465278427575166
TR,2,B10,0.004456808656167303,0.03284238442218234
TR,2,B11,0.04240005158730209,0.027060763901097983
TR,2,B12,0.003171497193395064,0.013975247350796647
TR,2,C1,0.017114332523000694,0.022450591125312377
TR,2,C2,0.027448002280144993,0.007942951465926223
TR,2,C3,0.010239871554869228,0.011442004647016921
TR,2,C4,0.0005757884311122259,0.0262151752340806
TR,2,C5,0.015315012586733852,0.007184586456978012
TR,2,C6,0.023857362111339122,0.004683712988424841
TR,2,C7,0.0015726035340282397,0.010721331226721828
TR,2,C8,0.0015601171693891264,0.01064430400174885
TR,2,C9,0.012571096296086897,0.0034671848210242238
TR,2,C10,0.008048671620393114,0.0009165509448020001
TR,2,C11,0.0212858781773481,0.0051409324461224445
TR,2,C12,0.014336918886294767,0.00385774020618047
TR,2,D1,0.014485521150908015,0.004879528352436903
TR,2,D2,0.018205654611985686,0.006886909638098406
TR,2,D3,0.005235006508668169,0.005703692575339527
TR,2,D4,0.004492155029468531,0.004350581544301904
TR,2,D5,0.01683458066701526,0.02863995036800204
TR,2,D6,0.03088863549744079,0.01795728289288342
TR,2,D7,0.01781116974239907,0.011608502228447197
TR,2,D8,0.021713781606235688,0.0021148998506353846
TR,2,D9,0.012400755569737024,0.007428271011727528
TR,2,D10,0.024405488058821864,0.021149023356623314
TR,2,D11,0.024736313071505214,0.017887944399378117
TR,2,D12,0.026806386311848958,0.012311337366128494
TR,2,E1,0.022289257114369916,0.006971151817887938
TR,2,E2,0.014341779441999134,0.007917423063768737
TR,2,E3,0.010928606971716513,0.0013456334217028074
TR,2,E4,0.024892258023146593,0.023928092482730874
TR,2,E5,0.022164800211779495,0.0032298705687448903
TR,2,E6,0.03846077756912999,0.013564510367749746
TR,2,E7,0.00014039419133398027,0.005828838308881166
TR,2,E8,0.017691942549028814,0.00028135997951056545
TR,2,E9,0.004820600991618066,0.019949622368181544
TR,2,E10,0.009271059632788329,0.01159959105538502
TR,2,E11,0.03296041876489557,0.009209716686393062
TR,2,E12,0.015603376256759064,0.013952014210149244
TR,2,F1,0.004913559559201986,0.016385487537769434
TR,2,F2,0.008742524085515317,0.008898043136285358
TR,2,F3,0.00712562648347248,0.0054292123247338345
TR,2,F4,0.01071999163796743,0.0034765157357591094
TR,2,F5,0.023067906161788988,0.0037660848071295406
TR,2,F6,0.038469653401947766,0.0025086877864708527
TR,2,F7,0.02468151531475618,0.014311216458306703
TR,2,F8,0.018106129152399543,0.02726569301691705
TR,2,F9,0.008638367316675746,0.0007413313292843609
TR,2,F10,0.010158473742192657,0.01488095079197192
TR,2,F11,0.029571745383798743,0.0005201460710212658
TR,2,F12,0.003209746358442393,0.009816584513107931
TR,2,G1,0.02326232589310256,0.004162795032743004
TR,2,G2,0.005533323695862747,0.010850921414860354
TR,2,G3,0.013861256628557968,0.013170278891188133
TR,2,G4,0.009747127293494471,0.010315889512881427
TR,2,G5,0.005319785523516216,0.006545475799258189
TR,2,G6,0.029729903728357345,0.028690542463069197
TR,2,G7,0.010787897134336592,0.004445827114860796
TR,2,G8,0.00973843536766082,0.004100673457701968
TR,2,G9,0.00856807810456967,0.03801202161884723
TR,2,G10,0.001077008810164804,0.005357421409596433
TR,2,G11,0.0013966935636544183,0.012106491600493494
TR,2,G12,0.007106140883853445,0.02109260358956668
TR,2,H1,0.019379500519909373,0.007397548750114538
TR,2,H2,0.007249946477756211,0.00281732175683184
TR,2,H3,0.03197937964004317,0.0101503722247024
TR,2,H4,0.012930769971179737,0.023461355775612404
TR,2,H5,0.012797863744458772,0.005551031173977084
TR,2,H6,0.001209902545963707,0.01383768875189561
TR,2,H7,0.029413821471426873,0.013220605889026328
TR,2,H8,0.00586852745478787,0.0054202359476733545
TR,2,H9,0.011628880342408244,0.02069648655404252
TR,2,H10,0.007411315170151486,0.010388111068943133
TR,2,H11,0.002838533876248069,0.002294594187653136
TR,2,H12,0.00384798175494365,0.01668139581171177
